drug_name,ingredient_name,ingredient_concept_id,category,indication,,,,,DRUG NAME,INDICATION,,,,,,,,,,,,,,
"3,4-DIAMINOPYRIDINE",,,NEUROMUSCULAR DISORDERS,LAMBERT-EATON MYASTHENIC SYNDROME (LEMS),,,,,,,,,,,,,,,,,,,,
ABACAVIR,abacavir,1736971,AIDS/HIV ANTIRETROVIRALS,HIV IN COMBINATION WITH OTHER ANTI-RETROVIRAL DRUGS,,,,,,,,,,,,,,,,,,,,
ABALOPARATIDE,abaloparatide,1594148,DRUGS AFFECTING BONE METABOLISM,MALE AND JUVENILE OSTEOPOROSIS; HYPOPARATHYROIDISM,,,,,,,,,,,,,,,,,,,,
ABATACEPT,abatacept,1186087,CYTOKINE MODULATORS,JUVENILE IDIOPATHIC ARTHRITIS - PAEDIATRICS; REFRACTORY IDIOPATHIC INFLAMMATORY MYOPATHIES; SEVERE TREATMENT-RESISTANT MORPHOEA (LOCALISED SCLERODERMA),,,,,,,,,,,,,,,,,,,,
ABEMACICLIB,abemaciclib,792649,CANCER EXCLUSION,CANCER; Breast cancer,,,,,,,,,,,,,,,,,,,,
ABIRATERONE,abiraterone,40239056,CANCER EXCLUSION,CANCER; Prostate cancer,,,,,,,,,,,,,,,,,,,,
ABROCITINIB,abrocitinib,1758974,DRUGS AFFECTING THE IMMUNE RESPONSE,MODERATE TO SEVERE ATOPIC DERMATITIS - PAEDIATRICS,,,,,,,,,,,,,,,,,,,,
ACALABRUTINIB,acalabrutinib,792764,CANCER EXCLUSION,CANCER; CLL,,,,,,,,,,,,,,,,,,,,
ACORAMIDIS,acoramidis,36861566,DRUGS FOR AMYLOIDOSIS,AMYLOIDOSIS,,,,,,,,,,,,,,,,,,,,
ADALIMUMAB,adalimumab,1119119,CYTOKINE MODULATORS,BEHCETS SYNDROME; HIDRADENITIS SUPPURATIVA; JUVENILE IDIOPATHIC ARTHRITIS - PAEDIATRICS; JUVENILE IDIOPATHIC ARTHRITIS - PAEDIATRICS; NON BACTERIAL OSTEOMYELITIS/OSTEITIS; PLAQUE PSORIASIS - PAEDIATRICS; UVEITIS - ADULTS,,,,,,,,,,,,,,,,,,,,
ADUCANUMAB,aducanumab,1537087,NEURODEGENERATIVE CONDITIONS,,,,,,ADUCANUMAB,ALZHEIMERS DISEASE - YOUNG ONSET DEMENTIA,,,,,,,,,,,,,,0
AFAMELANOTIDE,afamelanotide,37497655,SKIN CONDITIONS,,,,,,AFAMELANOTIDE,ERYTHROPOIETIC PROTOPORPHYRIA,,,,,,,,,,,,,,0
AFAMITRESGENE AUTOLEUCEL,afamitresgene autoleucel,36856432,ATMP,,,,,,AFAMITRESGENE AUTOLEUCEL,CANCER,Sarcoma,,,,,,,,,,,,,0
AFATINIB,afatinib,43533090,CANCER EXCLUSION,,,,,,AFATINIB,CANCER,Lung cancer,,,,,,,,,,,,,0
AFLIBERCEPT,aflibercept,40244266,CANCER EXCLUSION,,,,,,AFLIBERCEPT,CANCER,Colorectal cancer,,,,,,,,,,,,,0
AGALSIDASE ALFA,agalsidase alfa,36878851,LYSOSOMAL STORAGE DISORDER DRUGS,,,,,,AGALSIDASE ALFA,FABRY'S DISEASE,,,,,,,,,,,,,,0
AGALSIDASE BETA,agalsidase beta,1525746,LYSOSOMAL STORAGE DISORDER DRUGS,,,,,,AGALSIDASE BETA,FABRY'S DISEASE,,,,,,,,,,,,,,0
ALBUTREPENONACOG ALFA,,,,,,,,,ALBUTREPENONACOG ALFA,HAEMOPHILIA B,,,,,,,,,,,,,,0
ALDESLEUKIN,aldesleukin,1309770,IMMUNOMODULATING DRUGS,,,,,,ALDESLEUKIN,CANCER  ,,,,,,,,,,,,,,0
ALECTINIB,alectinib,35604657,CANCER EXCLUSION,,,,,,ALECTINIB,CANCER,Lung cancer,,,,,,,,,,,,,0
ALEMTUZUMAB,alemtuzumab,1312706,CYTOKINE MODULATORS; CANCER EXCLUSION; IMMUNOMODULATING DRUGS; DRUGS AFFECTING THE IMMUNE RESPONSE,,,,,,ALEMTUZUMAB,BEHCETS SYNDROME,CANCER,CLL,MULTIPLE SCLEROSIS,PRE-TRANSPLANT IMMUNOSUPPRESSION,,,,,,,,,,0
ALGLUCOSIDASE ALFA,alglucosidase alfa,19088328,LYSOSOMAL STORAGE DISORDER DRUGS,,,,,,ALGLUCOSIDASE ALFA,POMPE DISEASE,,,,,,,,,,,,,,0
ALPELISIB,alpelisib,1396423,CANCER EXCLUSION,,,,,,ALPELISIB,CANCER,CML,,,,,,,,,,,,,0
AMBRISENTAN,ambrisentan,1337068,VASODILATOR ANTIHYPERTENSIVE DRUGS/PULMONARY ARTERIAL HYPERTENSION,,,,,,AMBRISENTAN,PULMONARY ARTERIAL HYPERTENSION,,,,,,,,,,,,,,0
AMIFAMPRIDINE PHOSPHATE,,,NEUROMUSCULAR DISORDERS,,,,,,AMIFAMPRIDINE PHOSPHATE,LAMBERT-EATON MYASTHENIC SYNDROME (LEMS),,,,,,,,,,,,,,0
AMIKACIN INHALATION,,,ANTIBACTERIAL DRUGS,,,,,,AMIKACIN INHALATION,CYSTIC FIBROSIS,,,,,,,,,,,,,,0
AMIKACIN LIPOSOMAL (INHALED),,,ANTIBACTERIAL DRUGS,,,,,,AMIKACIN LIPOSOMAL (INHALED),NON-TUBERCULOUS MYCOBACTERIAL PULMONARY DISEASE DUE TO MYCOBACTERIUM AVIUM COMPLEX (MAC),,,,,,,,,,,,,,0
AMIVANTAMAB,amivantamab,1536935,CANCER EXCLUSION,,,,,,AMIVANTAMAB,CANCER,,,,,,,,,,,,,,0
AMPHOTERICIN LIPOSOMAL,,,ANTIFUNGALS,,,,,,AMPHOTERICIN LIPOSOMAL,FUNGAL INFECTION,,,,,,,,,,,,,,0
ANAKINRA,anakinra,1114375,CYTOKINE MODULATORS; DRUGS AFFECTING THE IMMUNE RESPONSE,,,,,,ANAKINRA,ADULT ONSET STILL'S DISEASE,CASTLEMAN'S DISEASE,CRYOPYRIN ASSOCIATED PERIODIC SYNDROME,HAEMOPHAGOCYTIC LYMPHOHISTIOCYTOSIS (HLH),JUVENILE IDIOPATHIC ARTHRITIS - PAEDIATRICS,JUVENILE IDIOPATHIC ARTHRITIS - PAEDIATRICS,PERIODIC FEVERS AND AUTOINFLAMMATORY CONDITIONS,,,,,,,,0
ANIDULAFUNGIN,anidulafungin,19026450,ANTIFUNGALS,,,,,,ANIDULAFUNGIN,FUNGAL INFECTION,,,,,,,,,,,,,,0
ANIFROLUMAB,anifrolumab,701470,CYTOKINE MODULATORS,,,,,,ANIFROLUMAB,SYSTEMIC LUPUS ERYTHEMATOSUS (SLE),,,,,,,,,,,,,,0
ANTILYMPHOCYTE GLOBULIN,,,"DRUGS USED IN HYPOPLASTIC, HAEMOLYTIC, AND RENAL ANAEMIAS",,,,,,ANTILYMPHOCYTE GLOBULIN,APLASTIC ANAEMIA,ORGAN TRANSPLANT,,,,,,,,,,,,,0
ANTITHROMBIN III,,,BLOOD-RELATED PRODUCTS,,,,,,ANTITHROMBIN III,AS PER BCSH GUIDELINES FOR SPECIALISED INDICATIONS,,,,,,,,,,,,,,0
ANTITHYMOCYTE IMMUNOGLOBULIN,antilymphocyte immunoglobulin,19136041,"DRUGS USED IN HYPOPLASTIC, HAEMOLYTIC, AND RENAL ANAEMIAS",,,,,,ANTITHYMOCYTE IMMUNOGLOBULIN,APLASTIC ANAEMIA,ORGAN TRANSPLANT,,,,,,,,,,,,,0
APADAMTASE ALFA,,,ENZYME REPLACEMENT THERAPY,,,,,,APADAMTASE ALFA,THROMBOTIC THROMBOCYTOPENIC PURPURA ,,,,,,,,,,,,,,0
APALUTAMIDE,apalutamide,963987,CANCER EXCLUSION,,,,,,APALUTAMIDE,CANCER,Prostate cancer,,,,,,,,,,,,,0
ARIMOCLOMOL,ARIMOCLOMOL,36857097,"NIEMANN-PICK DISEASE, TYPE C (NPC0",,,,,,ARIMOCLOMOL,NIEMANN-PICK DISEASE,,,,,,,,,,,,,,0
ARSENIC TRIOXIDE,arsenic trioxide,1333379,CANCER EXCLUSION,,,,,,ARSENIC TRIOXIDE,CANCER,APML,,,,,,,,,,,,,0
ASCIMINIB,asciminib,702133,CANCER EXCLUSION,,,,,,ASCIMINIB,CANCER,CML,,,,,,,,,,,,,0
ASFOTASE ALFA,asfotase alfa,35603109,DRUGS USED IN METABOLIC DISORDERS,,,,,,ASFOTASE ALFA,HYPOPHOSPHATASIA,,,,,,,,,,,,,,0
ATACICEPT,ATACICEPT,36858752,DRUGS AFFECTING THE IMMUNE RESPONSE,,,,,,ATACICEPT,SYSTEMIC LUPUS ERYTHEMATOSUS (SLE),,,,,,,,,,,,,,0
ATALUREN,Ataluren,36879015,NEUROMUSCULAR DISORDERS,,,,,,ATALUREN,DUCHENNE MUSCULAR DYSTROPHY,,,,,,,,,,,,,,0
ATAZANAVIR,atazanavir,1727223,AIDS/HIV ANTIRETROVIRALS,,,,,,ATAZANAVIR,HIV IN COMBINATION WITH OTHER ANTI-RETROVIRAL DRUGS ,,,,,,,,,,,,,,0
ATEZOLIZUMAB,atezolizumab,42629079,CANCER EXCLUSION,,,,,,ATEZOLIZUMAB,CANCER,Breast cancer,Hepatocellular carcinoma,Lung cancer,Urothelial cancer,Urothelial carcinoma,,,,,,,,,0
ATIDARSAGENE AUTOTEMCEL,,,ATMP,,,,,,ATIDARSAGENE AUTOTEMCEL,METACHROMATIC LEUKODYSTROPHY (MLD),,,,,,,,,,,,,,0
AUTOLOGOUS & ALLOGENIC SERUM EYE DROPS,,,BLOOD-RELATED PRODUCTS,,,,,,AUTOLOGOUS & ALLOGENIC SERUM EYE DROPS,SEVERE OCULAR SURFACE DISEASE,,,,,,,,,,,,,,0
AUTOLOGOUS ANTI-CD19-TRANSDUCED CD3+ CELLS - KTE-X19,,,ATMP,,,,,,AUTOLOGOUS ANTI-CD19-TRANSDUCED CD3+ CELLS - KTE-X19,CANCER,Mantle cell lymphoma,,,,,,,,,,,,,0
AUTOLOGOUS HUMAN CHONDROCYTE IMPLANTATION,,,ATMP,,,,,,AUTOLOGOUS HUMAN CHONDROCYTE IMPLANTATION,ARTICULAR CARTILAGE DEFECT,,,,,,,,,,,,,,0
AUTOLOGOUS LENTIVIRAL WAS STEM CELL THERAPY,,,ATMP,,,,,,AUTOLOGOUS LENTIVIRAL WAS STEM CELL THERAPY,PRIMARY IMMUNODEFICIENCY - WISKOTT ALDRICH SYNDROME,,,,,,,,,,,,,,0
AVACOPAN,avacopan,702027,CYTOKINE MODULATORS,,,,,,AVACOPAN,GRANULOMATOSIS,,,,,,,,,,,,,,0
AVALGLUCOSIDASE ALFA,avalglucosidase alfa,701512,LYSOSOMAL STORAGE DISORDER DRUGS,,,,,,AVALGLUCOSIDASE ALFA,GLYCOGEN STORAGE DISEASE TYPE II (POMPE DISEASE),,,,,,,,,,,,,,0
AVALOTCAGENE ONTAPRVOVEC,AVALOTCAGENE ONTAPARVOVEC,36849834,ATMP,,,,,,AVALOTCAGENE ONTAPRVOVEC,ORNITHINE CARBAMOYL TRANSFERASE DEFICIENCY,,,,,,,,,,,,,,0
AVAPRITINIB,avapritinib,37498468,CANCER EXCLUSION,,,,,,AVAPRITINIB,CANCER,Gastrointestinal stromal tumour,Mastocytosis,,,,,,,,,,,,0
AVELUMAB,avelumab,1593273,CANCER EXCLUSION,,,,,,AVELUMAB,CANCER,Merkel cell carcinoma,Renal cell carcinoma,Urothelial cancer,,,,,,,,,,,0
AXICABTAGENE CILOLEUCEL,axicabtagene ciloleucel,792844,ATMP,,,,,,AXICABTAGENE CILOLEUCEL ,CANCER,B-cell lymphoma,,,,,,,,,,,,,1
AXITINIB,axitinib,42709322,CANCER EXCLUSION,,,,,,AXITINIB,CANCER,Renal cell carcinoma,,,,,,,,,,,,,0
AZACITIDINE,azacitidine,1314865,CANCER EXCLUSION,,,,,,AZACITIDINE,CANCER,AML,CMML / AML,,,,,,,,,,,,0
AZATHIOPRINE,azathioprine,19014878,DRUGS AFFECTING THE IMMUNE RESPONSE,,,,,,AZATHIOPRINE,TRANSPLANT IMMUNOSUPPRESSION ONLY,,,,,,,,,,,,,,0
AZTREONAM LYSINE,aztreonam,1715117,ANTIBACTERIAL DRUGS,,,,,,AZTREONAM LYSINE,CYSTIC FIBROSIS,,,,,,,,,,,,,,0
BARDOXOLONE METHYL,,,DRUGS USED IN CHRONIC KIDNEY DISEASE,,,,,,BARDOXOLONE METHYL,CKD CAUSED BY ALPORT SYNDROME,,,,,,,,,,,,,,0
BARICITINIB,baricitinib,1510627,DRUGS AFFECTING THE IMMUNE RESPONSE,,,,,,BARICITINIB,MONOGENIC INTERFERONOPATHIES,,,,,,,,,,,,,,0
BASILIXIMAB,basiliximab,19038440,CORTICOSTEROIDS AND OTHER IMMUNOSUPPRESSANTS,,,,,,BASILIXIMAB,KIDNEY TRANSPLANT - ADULTS,KIDNEY TRANSPLANT - CHILDREN & YOUNG PEOPLE,,,,,,,,,,,,,0
BECLABUVIR,BECLABUVIR,36859649,VIRAL HEPATITIS (B&C) & RESPIRATORY SYNCYTIAL VIRUS,,,,,,BECLABUVIR,HEPATITIS C,,,,,,,,,,,,,,0
BEDAQUILINE,bedaquiline,43012518,ANTITUBERCULOSIS DRUGS,,,,,,BEDAQUILINE,TB,,,,,,,,,,,,,,0
BEGELOMAB,BEGELOMAB,36850748,MALIGNANT DISEASE AND IMMUNOSUPPRESSION,,,,,,BEGELOMAB,GRAFT VERSUS HOST DISEASE,,,,,,,,,,,,,,0
BELANTAMAB MAFODOTIN,belantamab mafodotin,37002419,CANCER EXCLUSION,,,,,,BELANTAMAB MAFODOTIN,CANCER,MM,,,,,,,,,,,,,0
BELATACEPT,belatacept,40239665,DRUGS AFFECTING THE IMMUNE RESPONSE,,,,,,BELATACEPT,KIDNEY TRANSPLANT - ADULTS,KIDNEY TRANSPLANT - CHILDREN & YOUNG PEOPLE,,,,,,,,,,,,,0
BELIMUMAB,belimumab,40236987,DRUGS AFFECTING THE IMMUNE RESPONSE,,,,,,BELIMUMAB,SYSTEMIC LUPUS ERYTHEMATOSUS (SLE),,,,,,,,,,,,,,0
BELUMOSUDIL,belumosudil,701423,PROTEIN KINASE INHIBITORS,,,,,,BELUMOSUDIL,GRAFT VERSUS HOST DISEASE,,,,,,,,,,,,,,0
BELZUTIFAN,belzutifan,701696,CANCER EXCLUSION,,,,,,BELZUTIFAN,CANCER,Tumours associated with von Hippel-Lindau disease,,,,,,,,,,,,,0
BENDAMUSTINE,bendamustine,19015523,CANCER EXCLUSION,,,,,,BENDAMUSTINE,CANCER,CLL,Follicular lymphoma,HL,MCL,MM,NHL,,,,,,,,0
BENRALIZUMAB,benralizumab,792993,ALLERGEN IMMUNOTHERAPY,,,,,,BENRALIZUMAB,ASTHMA,,,,,,,,,,,,,,0
BEROTRALSTAT,berotralstat,37003361,ALLERGIC EMERGENCIES,,,,,,BEROTRALSTAT,HEREDITARY ANGIOEDEMA - PROPHYLACTIC TREATMENT,,,,,,,,,,,,,,0
BETAINE,betaine,1520218,DRUGS USED IN METABOLIC DISORDERS,,,,,,BETAINE,HOMOCYSTINURIA,,,,,,,,,,,,,,0
BEVACIZUMAB,bevacizumab,1397141,CANCER EXCLUSION; ANTINEOPLASTIC DRUGS,,,,,,BEVACIZUMAB,CANCER,Cervical cancer,"Ovarian, fallopian tube and peritoneal cancer",Colorectal cancer,Lung cancer,NEUROFIBROMATOSIS,,,,,,,,,0
BICTEGRAVIR,bictegravir,964008,AIDS/HIV ANTIRETROVIRALS,,,,,,BICTEGRAVIR,HIV IN COMBINATION WITH OTHER ANTI-RETROVIRAL DRUGS,,,,,,,,,,,,,,0
BIMAGRUMAB,BIMAGRUMAB,36859672,CYTOKINE MODULATORS,,,,,,BIMAGRUMAB,INCLUSION BODY MYOSITIS,,,,,,,,,,,,,,0
BINIMETINIB,binimetinib,1559930,CANCER EXCLUSION,,,,,,BINIMETINIB,CANCER,Melanoma,,,,,,,,,,,,,0
BIOTIN,biotin,19024770,VITAMINS,,,,,,BIOTIN,MULTIPLE SCLEROSIS,,,,,,,,,,,,,,0
BIRCH BARK EXTRACT,,,ANTI-INFLAMMATORY DRUG,,,,,,BIRCH BARK EXTRACT,EPIDERMOLYSIS BULLOSA,,,,,,,,,,,,,,0
BIS-CHOLINE TETRATHIOMOLYBDATE,,,DRUGS USED IN METABOLIC DISORDERS,,,,,,BIS-CHOLINE TETRATHIOMOLYBDATE,WILSON'S DISEASE,,,,,,,,,,,,,,0
BIZALIMOGENE RALAPLASMID,,,ATMP,,,,,,BIZALIMOGENE RALAPLASMID,CERVICAL DYSPLASIA,,,,,,,,,,,,,,0
BLINATUMOMAB,blinatumomab,45892531,CANCER EXCLUSION,,,,,,BLINATUMOMAB,CANCER,ALL,,,,,,,,,,,,,0
BORTEZOMIB,bortezomib,1336825,CANCER EXCLUSION; ANTINEOPLASTIC DRUGS,,,,,,BORTEZOMIB,CANCER,Amyloid light-chain amyloidosis,MM,MCL,Waldenstrom's macroglobulinaemia,ORGAN REJECTION POST KIDNEY TRANSPLANT,,,,,,,,,0
BOSENTAN,bosentan,1321636,VASODILATOR ANTIHYPERTENSIVE DRUGS/PULMONARY ARTERIAL HYPERTENSION,,,,,,BOSENTAN,DIGITAL ULCERS,PULMONARY ARTERIAL HYPERTENSION,,,,,,,,,,,,,0
BOSUTINIB,bosutinib,42900401,CANCER EXCLUSION,,,,,,BOSUTINIB,CANCER,CML,,,,,,,,,,,,,0
BOTARETIGENE SPAROPARVOVEC,,,ATMP,,,,,,BOTARETIGENE SPAROPARVOVEC,RETINAL DISORDERS,,,,,,,,,,,,,,0
BRAIN CANCER VACCINE,,,ATMP,,,,,,BRAIN CANCER VACCINE,CANCER,,,,,,,,,,,,,,0
BRENTUXIMAB,BRENTUXIMAB,36856245,CANCER EXCLUSION,,,,,,BRENTUXIMAB,CANCER,HL,Lymphoma,ALL,Lung cancer,,,,,,,,,,0
BREXUCABTAGENE AUTOLEUCEL,brexucabtagene autoleucel,37002369,ATMP,,,,,,,,,,,,,,,,,,,,,1
BRIGATINIB,brigatinib,1594187,CANCER EXCLUSION,,,,,,,,,,,,,,,,,,,,,1
BRIMAPITIDE,BRIMAPITIDE,36850307,PROTEIN KINASE INHIBITORS,,,,,,BRIMAPITIDE,ACUTE SENSORINEURAL HEARING LOSS,,,,,,,,,,,,,,0
BULEVIRTIDE,,,HEPATITIS D INFECTION,,,,,,BULEVIRTIDE,COMPENSATED LIVER DISEASE ,,,,,,,,,,,,,,0
BUROSUMAB,burosumab,1510235,DRUGS AFFECTING THE IMMUNE RESPONSE,,,,,,BUROSUMAB,X LINKED HYPOPHOSPHATAEMIA,,,,,,,,,,,,,,0
C1 ESTERASE INHIBITORS,,,ALLERGIC EMERGENCIES,,,,,,C1 ESTERASE INHIBITORS,HEREDITARY ANGIOEDEMA - ACUTE TREATMENT ,HEREDITARY ANGIOEDEMA - PROPHYLACTIC TREATMENT,HEREDITARY ANGIOEDEMA - PROPHYLACTIC TREATMENT IN CHILDREN (CINRYZE ONLY),,,,,,,,,,,,0
CABAZITAXEL,cabazitaxel,40222431,CANCER EXCLUSION,,,,,,CABAZITAXEL,CANCER,Prostate cancer,,,,,,,,,,,,,0
CABOTEGRAVIR,cabotegravir,739588,AIDS/HIV ANTIRETROVIRALS,,,,,,CABOTEGRAVIR,HIV IN COMBINATION WITH OTHER ANTI-RETROVIRAL DRUGS,,,,,,,,,,,,,,0
CABOZANTINIB,cabozantinib,43012292,CANCER EXCLUSION,,,,,,CABOZANTINIB,CANCER,Thyroid cancer,Hepatocellular cancer,,,,,,,,,,,,0
CALCIFEDIOL,calcifediol,19035569,OTHER ENDOCRINE DRUGS,,,,,,CALCIFEDIOL,HYPERPARATHYROIDISM IN RENAL DIALYSIS PATIENTS,,,,,,,,,,,,,,0
"CALCIUM, MAGNESIUM, POTASSIUM + SODIUM OXYBATE",,,HYPNOTICS & ANXIOLYTICS,,,,,,"CALCIUM, MAGNESIUM, POTASSIUM + SODIUM OXYBATE",NARCOLEPSY - PAEDIATRICS,,,Renal cell carcinoma,,,,,,,,,,,0
CANAKINUMAB,canakinumab,40161669,IMMUNOMODULATING DRUGS,,,,,,CANAKINUMAB,CRYOPYRIN ASSOCIATED PERIODIC SYNDROME,JUVENILE IDIOPATHIC ARTHRITIS - PAEDIATRICS,"PERIODIC FEVER SYNDROMES: TRAPS, HIDS/MKD and FMF",,,,,,,,,,,,0
CANNABIDIOL,cannabidiol,1510417,CANNABINOIDS,,,,,,CANNABIDIOL,DRAVET SYNDROME,LENNOX-GASTAUT SYNDROME,TUBEROUS SCLEROSIS SYNDROME,,,,,,,,,,,,0
CANPULDENCEL-T,,,ATMP,,,,,,CANPULDENCEL-T,CANCER,Glioblastoma,,STILL'S DISEASE,,,,,,,,,,,0
CAPLACIZUMAB,caplacizumab,1366428,PLATELET DISORDER DRUGS,,,,,,CAPLACIZUMAB,THROMBOTIC THROMBOCYTOPENIC PURPURA ,,,,,,,,,,,,,,0
CAPMATINIB,capmatinib,1145637,CANCER EXCLUSION,,,,,,CAPMATINIB,CANCER,Lung cancer,,,,,,,,,,,,,0
CARFILZOMIB,carfilzomib,42873638,CANCER EXCLUSION,,,,,,CARFILZOMIB,CANCER,MM,,,,,,,,,,,,,0
CARGLUMIC ACID,carglumic acid,19102150,DRUGS USED IN METABOLIC DISORDERS,,,,,,CARGLUMIC ACID,UREA CYCLE DISORDERS,,,,,,,,,,,,,,0
CARNITINE,carnitine,19050104,DRUGS USED IN METABOLIC DISORDERS,,,,,,CARNITINE,CARNITINE DEFICIENCY,,,,,,,,,,,,,,0
CASPOFUNGIN,caspofungin,1718054,ANTIFUNGALS,,,,,,CASPOFUNGIN,FUNGAL INFECTION,,,,,,,,,,,,,,0
CATRIDECACOG,,,BLOOD-RELATED PRODUCTS,,,,,,CATRIDECACOG,AS PER BCSH GUIDELINES FOR SPECIALISED INDICATIONS,,,,,,,,,,,,,,0
CEMIPLIMAB,cemiplimab,35200783,RETINAL DISORDERS / INTRAOCULAR LENS REPLACEMENT SURGERY,,,,,,CEMIPLIMAB,CANCER,Skin cancer,Cervical cancer,,,,,,,,,,,,0
CENEGERMIN,cenegermin,1355548,CANCER EXCLUSION,,,,,,CENEGERMIN,NEUROTROPHIC KERATITIS,,,,,,,,,,,,,,0
CERITINIB,ceritinib,44818466,LYSOSOMAL STORAGE DISORDER DRUGS,,,,,,CERITINIB,CANCER,Lung cancer,,,,,,,,,,,,,0
CERLIPONASE ALFA,,,CANCER EXCLUSION,,,,,,CERLIPONASE ALFA,NEURONAL CEROID LIPOFUSCINOSIS,,,,,,,,,,,,,,0
CETUXIMAB,cetuximab,1315411,CANCER EXCLUSION,,,,,,CETUXIMAB,CANCER,Colorectal cancer,Head and neck cancer,,,,,,,,,,,,0
CHEMOTHERAPY,,,DRUGS USED IN METABOLIC DISORDERS,,,,,,CHEMOTHERAPY,CANCER (NOT SPECIFICALLY LISTED),,,,,,,,,,,,,,0
CHENODEOXYCHOLIC ACID,,,CANCER EXCLUSION,,,,,,CHENODEOXYCHOLIC ACID,CEREBROTENDINOUS XANTHOMATOSIS (CTX) ,PRIMARY BILIARY CIRRHOSIS,,,,,,,,,,,,,0
CHLORMETHINE,,,DRUGS USED IN METABOLIC DISORDERS,,,,,,CHLORMETHINE,MYCOSIS FUNGOIDES-TYPE CUTANEOUS T-CELL LYMPHOMA,,,,,,,,,,,,,,0
CHOLIC ACID,cholic acid,44506782,DRUGS AFFECTING THE IMMUNE RESPONSE,,,,,,CHOLIC ACID,INBORN ERRORS IN PRIMARY BILE ACID SYNTHESIS,,,,,,,,,,,,,,0
CICLOSPORIN,,,ATMP,,,,,,CICLOSPORIN,TRANSPLANT IMMUNOSUPPRESSION ONLY,,,,,,,,,,,,,,0
CILTACABTAGENE AUTOLEUCEL,,,,,,,,,CILTACABTAGENE AUTOLEUCEL,CANCER,MM,,,,,,,,,,,,,0
CIPAGLUCOSIDASE ALFA,,,GLYCOGEN STORAGE DISEASE TYPE II (POMPE DISEASE),,,,,,CIPAGLUCOSIDASE ALFA,GLYCOGEN STORAGE DISEASE TYPE II (POMPE DISEASE),,,,,,,,,,,,,,0
CIPROFLOXACIN  INHALATION,,,ANTIBACTERIAL DRUGS,,,,,,CIPROFLOXACIN  INHALATION,CYSTIC FIBROSIS,,,,,,,,,,,,,,0
CIPROFLOXACIN LIPOSOMAL (INHALED),,,ANTIBACTERIAL DRUGS,,,,,,,,,,,,,,,,,,,,,1
CLADRIBINE,cladribine,19054825,IMMUNOMODULATING DRUGS,,,,,,CLADRIBINE,MULTIPLE SCLEROSIS,PULMONARY LANGERHANS HISTIOCYTOSIS,,,,,,,,,,,,,0
CLOFARABINE,clofarabine,19054821,CANCER EXCLUSION,,,,,,CLOFARABINE,CANCER,ALL,AML,,,,,,,,,,,,0
COBICISTAT,cobicistat,42874220,AIDS/HIV ANTIRETROVIRALS,,,,,,COBICISTAT,HIV IN COMBINATION WITH OTHER ANTI-RETROVIRAL DRUGS,,,,,,,,,,,,,,0
COBIMETINIB,cobimetinib,35605804,CANCER EXCLUSION,,,,,,COBIMETINIB,CANCER,Melanoma,,,,,,,,,,,,,0
COLESTILAN,,,DRUGS FOR MINERAL BONE DISORDERS,,,,,,COLESTILAN,ADULT RENAL DIALYSIS ONLY,,,,,,,,,,,,,,0
COLISTIMETHATE SODIUM,,,ANTIBACTERIAL DRUGS,,,,,,COLISTIMETHATE SODIUM,CYSTIC FIBROSIS,,,,,,,,,,,,,,0
CONCIZUMAB,,,DRUGS FOR BLEEDING DISORDERS,,,,,,CONCIZUMAB,PREVENTION OF BLEEDING EPISODES IN HAEMOPHILIA A OR B,,,,,,,,,,,,,,0
CONESTAT ALFA,,,ALLERGIC EMERGENCIES,,,,,,CONESTAT ALFA,HEREDITARY ANGIOEDEMA - ACUTE TREATMENT ONLY,,,,,,,,,,,,,,0
COPPER HISTIDINATE,,,DRUGS USED IN METABOLIC DISORDERS,,,,,,COPPER HISTIDINATE,MENKES DISEASE,,,,,,,,,,,,,,0
CRIZOTINIB,crizotinib,40242675,PROTEIN KINASE INHIBITORS,,,,,,CRIZOTINIB,CANCER,Lung cancer,,,,,,,,,,,,,0
CROVALIMAB,,,PAROXYSMAL NOCTURNAL HAEMOGLOBINURIA,,,,,,CROVALIMAB,PAROXYSMAL NOCTURNAL HAEMOGLOBINURIA,,,,,,,,,,,,,,0
CYSTEAMINE (MERCAPTAMINE),,,DRUGS USED IN METABOLIC DISORDERS,,,,,,CYSTEAMINE (MERCAPTAMINE),NEPHROPATHIC CYSTINOSIS,,,,,,,,,,,,,,0
DABRAFENIB,dabrafenib,43532299,CANCER EXCLUSION,,,,,,DABRAFENIB,CANCER,Glioma,Lung cancer,Melanoma,Thyroid cancer,Lung cancer,,,,,,,,,0
DACOMITINIB,dacomitinib,35200803,CANCER EXCLUSION,,,,,,,,,,,,,,,,,,,,,1
DAMOCTOCOG ALFA PEGOL,damoctocog alfa pegol,35200416,BLOOD-RELATED PRODUCTS,,,,,,DAMOCTOCOG ALFA PEGOL,HAEMOPHILIA A,,,,,,,,,,,,,,0
DANICOPAN,,,PAROXYSMAL NOCTURNAL HAEMOGLOBINURIA,,,,,,DANICOPAN,PAROXYSMAL NOCTURNAL HAEMOGLOBINURIA,,,,,,,,,,,,,,0
DARATUMUMAB,daratumumab,35605744,CANCER EXCLUSION,,,,,,DARATUMUMAB,CANCER,Amyloid light-chain amyloidosis,MM,,,,,,,,,,,,0
DARBEPOETIN ALPHA,,,"DRUGS USED IN HYPOPLASTIC, HAEMOLYTIC, AND RENAL ANAEMIAS - IRON OVERLOAD",,,,,,DARBEPOETIN ALPHA,DIALYSIS-INDUCED ANAEMIA,,,,,,,,,,,,,,0
DAROLUTAMIDE,darolutamide,1361291,CANCER EXCLUSION,,,,,,DAROLUTAMIDE,CANCER,Prostate cancer,,,,,,,,,,,,,0
DARUNAVIR,darunavir,1756831,AIDS/HIV ANTIRETROVIRALS,,,,,,DARUNAVIR,HIV IN COMBINATION WITH OTHER ANTI-RETROVIRAL DRUGS ,HEPATITIS C,,,,,,,,,,,,,0
DASABUVIR,dasabuvir,45892558,VIRAL HEPATITIS (B&C) & RESPIRATORY SYNCYTIAL VIRUS,,,,,,DASATINIB,CANCER,CML,AML,,,,,,,,,,,,1
DASATINIB,dasatinib,1358436,CANCER EXCLUSION,,,,,,DEFERASIROX,IRON CHELATION IN THALASSAEMIA AND SICKLE CELL,,,,,,,,,,,,,,1
DECITABINE,decitabine,19024728,CANCER EXCLUSION,,,,,,,,,,,,,,,,,,,,,1
DEFERASIROX,deferasirox,1786055,"DRUGS USED IN HYPOPLASTIC, HAEMOLYTIC, AND RENAL ANAEMIAS - IRON OVERLOAD",,,,,,,,,,,,,,,,,,,,,1
DEFERIPRONE,deferiprone,19011091,"DRUGS USED IN HYPOPLASTIC, HAEMOLYTIC, AND RENAL ANAEMIAS - IRON OVERLOAD",,,,,,,,,,,,,,,,,,,,,1
DEFIBROTIDE,defibrotide,42898933,BLOOD-RELATED PRODUCTS,,,,,,,,,,,,,,,,,,,,,1
DELAMANID,,,ANTITUBERCULOSIS DRUGS,,,,,,,,,,,,,,,,,,,,,1
DELANDISTROGENE MOXAPARVOVEC,,,ATMP,,,,,,,,,,,,,,,,,,,,,1
DESFERRIOXAMINE,,,"DRUGS USED IN HYPOPLASTIC, HAEMOLYTIC, AND RENAL ANAEMIAS - IRON OVERLOAD",,,,,,,,,,,,,,,,,,,,,1
DEXAMETHASONE  INTRA-ERYTHROCYTE,,,ATMP,,,,,,,,,,,,,,,,,,,,,1
DEXRAZOXANE,dexrazoxane,1353011,IMMUNOMODULATING DRUGS,,,,,,,,,,,,,,,,,,,,,1
DIBOTERMIN ALFA,,,BONE MORPHOGENETIC PROTEIN,,,,,,,,,,,,,,,,,,,,,1
DIDANOSINE,didanosine,1724869,AIDS/HIV ANTIRETROVIRALS,,,,,,,,,,,,,,,,,,,,,1
DIFELIKEFALIN,difelikefalin,701764,ANTIPRURITUS,,,,,,,,,,,,,,,,,,,,,1
DIMETHYL FUMARATE,dimethyl fumarate,43526424,IMMUNOMODULATING DRUGS,,,,,,,,,,,,,,,,,,,,,1
DINUTUXIMAB BETA,,,CANCER EXCLUSION,,,,,,,,,,,,,,,,,,,,,1
DIRLOCOCTOGENE SAMOPARVOVEC,,,ATMP,,,,,,,,,,,,,,,,,,,,,1
DIROXIMEL FUMARATE,diroximel fumarate,37497593,IMMUNOMODULATING DRUGS,,,,,,,,,,,,,,,,,,,,,1
DOCETAXEL,docetaxel,1315942,CANCER EXCLUSION,,,,,,,,,,,,,,,,,,,,,1
DOLUTEGRAVIR,dolutegravir,43560385,AIDS/HIV ANTIRETROVIRALS,,,,,,,,,,,,,,,,,,,,,1
DORAVIRINE,doravirine,35200446,AIDS/HIV ANTIRETROVIRALS,,,,,,,,,,,,,,,,,,,,,1
DORNASE ALFA,dornase alfa,1125443,MUCOLYTICS,,,,,,,,,,,,,,,,,,,,,1
DOSTARLIMAB,dostarlimab,1536789,CANCER EXCLUSION,,,,,,,,,,,,,,,,,,,,,1
DUPILUMAB,dupilumab,1593467,DRUGS AFFECTING THE IMMUNE RESPONSE,,,,,,,,,,,,,,,,,,,,,1
DURVALUMAB,durvalumab,1594034,CANCER EXCLUSION,,,,,,,,,,,,,,,,,,,,,1
DUVELISIB,duvelisib,35200763,CANCER EXCLUSION,,,,,,,,,,,,,,,,,,,,,1
ECALLANTIDE,ecallantide,40168938,ALLERGIC EMERGENCIES,,,,,,,,,,,,,,,,,,,,,1
ECULIZUMAB,eculizumab,19080458,DRUGS AFFECTING THE IMMUNE RESPONSE,,,,,,,,,,,,,,,,,,,,,1
EFANESOCTOCOG ALFA,,,BLOOD-RELATED PRODUCTS,,,,,,,,,,,,,,,,,,,,,1
EFAVIRENZ,efavirenz,1738135,AIDS/HIV ANTIRETROVIRALS,,,,,,,,,,,,,,,,,,,,,1
EFGARTIGIMOD ALFA,efgartigimod alfa,702468,NEUROMUSCULAR DISORDERS,,,,,,,,,,,,,,,,,,,,,1
EFMOROCTOCOG ALFA (EFRALOCTOCOG ALFA),,,BLOOD-RELATED PRODUCTS,,,,,,,,,,,,,,,,,,,,,1
EFRALOCTOCOG ALFA (see EFMOROCTOCOG ALFA),,,BLOOD-RELATED PRODUCTS,,,,,,,,,,,,,,,,,,,,,1
EFRENONACOG ALFA (see EFTRENONACOG ALFA),,,BLOOD-RELATED PRODUCTS,,,,,,,,,,,,,,,,,,,,,1
EFTRENONACOG ALFA (EFRENONACOG ALFA),,,BLOOD-RELATED PRODUCTS,,,,,,,,,,,,,,,,,,,,,1
ELADOCAGENE EXUPARVOVEC,,,ATMP,,,,,,,,,,,,,,,,,,,,,1
ELAFIBRANOR,,,DRUGS USED IN METABOLIC DISORDERS,,,,,,,,,,,,,,,,,,,,,1
ELBASVIR,elbasvir,35606465,VIRAL HEPATITIS (B&C) & RESPIRATORY SYNCYTIAL VIRUS,,,,,,,,,,,,,,,,,,,,,1
ELEXACAFTOR + TEZACAFTOR + IVACAFTOR,,,POTENTIATOR OF THE CFTR PROTEIN,,,,,,,,,,,,,,,,,,,,,1
ELIGLUSTAT,eliglustat,45775782,LYSOSOMAL STORAGE DISORDER DRUGS,,,,,,,,,,,,,,,,,,,,,1
ELOSULFASE ALFA,elosulfase alfa,44814525,LYSOSOMAL STORAGE DISORDER DRUGS,,,,,,,,,,,,,,,,,,,,,1
ELOTUZUMAB,elotuzumab,35604032,CANCER EXCLUSION,,,,,,,,,,,,,,,,,,,,,1
ELRANATAMAB,,,CANCER EXCLUSION,,,,,,,,,,,,,,,,,,,,,1
ELVITEGRAVIR,elvitegravir,42874212,AIDS/HIV ANTIRETROVIRALS,,,,,,,,,,,,,,,,,,,,,1
ELVUCITABINE,,,AIDS/HIV ANTIRETROVIRALS,,,,,,,,,,,,,,,,,,,,,1
EMICIZUMAB,emicizumab,793042,BLOOD-RELATED PRODUCTS,,,,,,,,,,,,,,,,,,,,,1
EMIPLACEL,,,ATMP,,,,,,,,,,,,,,,,,,,,,1
EMIXUSTAT,,,VISUAL CYCLE MODULATOR,,,,,,,,,,,,,,,,,,,,,1
EMTRICITABINE,emtricitabine,1703069,AIDS/HIV ANTIRETROVIRALS,,,,,,,,,,,,,,,,,,,,,1
ENCORAFENIB,encorafenib,1559914,CANCER EXCLUSION,,,,,,DEFIBROTIDE,HEPATIC VENO-OCCLUSIVE DISEASE,,,,,,,,,,,,,,1
ENFORTUMAB VEDOTIN,,,CANCER EXCLUSION,,,,,,DELAMANID,TB,,,,,,,,,,,,,,1
ENFUVIRTIDE,enfuvirtide,1717002,AIDS/HIV ANTIRETROVIRALS,,,,,,DELANDISTROGENE MOXAPARVOVEC,DUCHENNE MUSCULAR DYSTROPHY,,,,,,,,,,,,,,1
ENTRECTINIB,entrectinib,37496447,CANCER EXCLUSION,,,,,,DESFERRIOXAMINE,IRON CHELATION IN THALASSAEMIA AND SICKLE CELL,,,,,,,,,,,,,,1
ENZALUTAMIDE,enzalutamide,42900250,CANCER EXCLUSION,,,,,,,,,,,,,,,,,,,,,1
EPCORITAMAB,,,CANCER EXCLUSION,,,,,,DEXAMETHASONE  INTRA-ERYTHROCYTE,ATAXIA TELANGIECTASIA,,,,,,,,,,,,,,1
EPLONTERSEN,,,DRUGS FOR AMYLOIDOSIS,,,,,,DEXRAZOXANE,ANTHRACYCLINE CARDIOTOXICITY,,,,,,,,,,,,,,1
"EPOETIN ALPHA, BETA, THETA AND ZETA",,,"DRUGS USED IN HYPOPLASTIC, HAEMOLYTIC, AND RENAL ANAEMIAS - IRON OVERLOAD",,,,,,,,,,,,,,,,,,,,,1
EPOPROSTENOL,epoprostenol,1354118,VASODILATOR ANTIHYPERTENSIVE DRUGS/PULMONARY ARTERIAL HYPERTENSION,,,,,,DIBOTERMIN ALFA,COMPLEX SPINAL SURGERY,,,,,,,,,,,,,,1
EPRATUZUMAB,,,CYTOKINE MODULATORS,,,,,,DIDANOSINE,HIV IN COMBINATION WITH OTHER ANTI-RETROVIRAL DRUGS,,,,,,,,,,,,,,1
EPRODISATE,,,BLOOD-RELATED PRODUCTS,,,,,,DIFELIKEFALIN,PRURITUS ASSOCIATED WITH CHRONIC KIDNEY DISEASE ON HAEMODIALYSIS,,,,,,,,,,,,,,1
EPTACOG ALFA (ACTIVATED),,,BLOOD-RELATED PRODUCTS,,,,,,DIMETHYL FUMARATE,MULTIPLE SCLEROSIS,,,,,,,,,,,,,,1
(FACTOR VIIa - recombinant),,,,,,,,,DINUTUXIMAB BETA,CANCER,Neuroblastoma,,,,,,,,,,,,,1
EPTACOG BETA (ACTIVATED),,,BLOOD-RELATED PRODUCTS,,,,,,,,,,,,,,,,,,,,,1
ERIBULIN,eribulin,40230712,CANCER EXCLUSION,,,,,,DIRLOCOCTOGENE SAMOPARVOVEC,HAEMOPHILIA A,,,,,,,,,,,,,,1
ERLOTINIB,erlotinib,1325363,CANCER EXCLUSION,,,,,,DIROXIMEL FUMARATE,MULTIPLE SCLEROSIS,,,,,,,,,,,,,,1
ETANERCEPT,etanercept,1151789,CYTOKINE MODULATORS,,,,,,DOCETAXEL,CANCER,Prostate cancer,,,,,,,,,,,,,1
ETEPLIRSEN,eteplirsen,40220748,NEUROMUSCULAR DISORDERS,,,,,,,,,,,,,,,,,,,,,1
ETRANACOGENE DEZAPARVOVEC,,,ATMP,,,,,,DOLUTEGRAVIR,HIV IN COMBINATION WITH OTHER ANTI-RETROVIRAL DRUGS,,,,,,,,,,,,,,1
ETRASIMOD,,,SPHINGOSINE RECEPTOR MODULATOR,,,,,,,,,,,,,,,,,,,,,1
ETRAVIRINE,etravirine,1758536,AIDS/HIV ANTIRETROVIRALS,,,,,,,,,,,,,,,,,,,,,1
EVEROLIMUS,everolimus,19011440,CANCER EXCLUSION; CORTICOSTEROIDS AND OTHER IMMUNOSUPPRESSANTS,,,,,,,,,,,,,,,,,,,,,1
EVINACUMAB,evinacumab,739794,PROTEIN KINASE INHIBITORS; LIPID-REGULATING DRUGS,,,,,,DORAVIRINE,HIV IN COMBINATION WITH OTHER ANTI-RETROVIRAL DRUGS,,,,,,,,,,,,,,1
EVOLOCUMAB,evolocumab,46287466,LIPID-REGULATING DRUGS,,,,,,,,,,,,,,,,,,,,,1
EXAGAMGLOGENE AUTOTEMCEL,,,ATMP,,,,,,DORNASE ALFA,CYSTIC FIBROSIS,PRIMARY CILIARY DYSKINESIA,,,,,,,,,,,,,1
EX-VIVO EXPANDED AUTOLOGOUS HUMAN CORNEAL EPITHELIAL CELLS CONTAINING STEM CELLS,,,ATMP,,,,,,,,,,,,,,,,,,,,,1
FACTOR IX - see drug names,,,BLOOD-RELATED PRODUCTS,,,,,,DOSTARLIMAB,CANCER,Endometrial cancer,,,,,,,,,,,,,1
FACTOR VII,,,BLOOD-RELATED PRODUCTS,,,,,,,,,,,,,,,,,,,,,1
FACTOR VIIa - see drug names,,,BLOOD-RELATED PRODUCTS,,,,,,DOSTARLIMAB,CANCER,Endometrial cancer,,,,,,,,,,,,,1
FACTOR VIII - see drug names,,,BLOOD-RELATED PRODUCTS,,,,,,,,,,,,,,,,,,,,,1
FACTOR VIII + VON WILLEBRAND FACTOR,,,BLOOD-RELATED PRODUCTS,,,,,,DUPILUMAB,ASTHMA,,,,,,,,,,,,,,1
(VON WILLEBRAND FACTOR - PLASMA with FVIII),,,,,,,,,DURVALUMAB,CANCER,Lung cancer,Biliary tract cancer,,,,,,,,,,,,1
FACTOR VIII INHIBITOR BYPASSING FRACTION,,,BLOOD-RELATED PRODUCTS,,,,,,,,,,,,,,,,,,,,,1
FACTOR X (see HUMAN COAGULATION FACTOR X),,,BLOOD-RELATED PRODUCTS,,,,,,,,,,,,,,,,,,,,,1
(FACTOR X - plasma derived),,,,,,,,,,,,,,,,,,,,,,,,1
FACTOR XI,,,BLOOD-RELATED PRODUCTS,,,,,,DUVELISIB,CANCER,CLL,Follicular lymphoma,,,,,,,,,,,,1
FACTOR XIII,,,BLOOD-RELATED PRODUCTS,,,,,,,,,,,,,,,,,,,,,1
(FACTOR XIII - plasma derived),,,,,,,,,,,,,,,,,,,,,,,,1
FAMPRIDINE,,,NEUROMUSCULAR DISORDERS,,,,,,,,,,,,,,,,,,,,,1
FEDRATINIB,fedratinib,1361614,DRUGS AFFECTING THE IMMUNE RESPONSE,,,,,,ECALLANTIDE,HEREDITARY ANGIOEDEMA - ACUTE TREATMENT ONLY,,,,,,,,,,,,,,1
FENFLURAMINE,fenfluramine,753860,CENTRAL NERVOUS SYSTEM,,,,,,ECULIZUMAB,AHUS,C3 GLOMERULOPATHY  (POST TRANSPLANT),DELAYED HAEMOLYTIC TRANSFUSION REACTIONS AND HYPERHAEMOLYSIS IN PATIENTS WITH HAEMOGLOBINOPATHIES,NEUROMYELITIS OPTICA,ORGAN REJECTION POST KIDNEY TRANSPLANT,PAROXYSMAL NOCTURNAL HAEMOGLOBINURIA,,,,,,,,,1
FIBRINOGEN,fibrinogen,19054702,BLOOD-RELATED PRODUCTS,,,,,,,,,,,,,,,,,,,,,1
FIDANACOGENE ELAPARVOVEC,,,ATMP,,,,,,,,,,,,,,,,,,,,,1
FINGOLIMOD,fingolimod,40226579,IMMUNOMODULATING DRUGS,,,,,,,,,,,,,,,,,,,,,1
FITUSIRAN,,,BLOOD-RELATED PRODUCTS,,,,,,,,,,,,,,,,,,,,,1
FORDADISTROGENE MOVAPARVOVEC,,,ATMP,,,,,,,,,,,,,,,,,,,,,1
FORIGERIMOD ACETATE,,,CYTOKINE MODULATORS,,,,,,EFANESOCTOCOG ALFA,HAEMOPHILIA A,,,,,,,,,,,,,,1
FOSAMPRENAVIR,fosamprenavir,1736829,AIDS/HIV ANTIRETROVIRALS,,,,,,EFAVIRENZ,HIV IN COMBINATION WITH OTHER ANTI-RETROVIRAL DRUGS,,,,,,,,,,,,,,1
FOSDENOPTERIN (CYCLIC PYRANOPTERIN MONOPHOSPHATE),,,DRUGS USED IN METABOLIC DISORDERS,,,,,,EFGARTIGIMOD ALFA,MYASTHENIA GRAVIS,,,,,,,,,,,,,,1
FOSLEVODOPA-FOSCARBIDOPA,,,NEURODEGENERATIVE CONDITIONS,,,,,,EFMOROCTOCOG ALFA (EFRALOCTOCOG ALFA),HAEMOPHILIA A,,,,,,,,,,,,,,1
FOSTEMSAVIR,fostemsavir,1146410,AIDS/HIV ANTIRETROVIRALS,,,,,,,,,,,,,,,,,,,,,1
FUTIBATINIB,,,CANCER EXCLUSION,,,,,,EFRALOCTOCOG ALFA (see EFMOROCTOCOG ALFA),HAEMOPHILIA A,,,,,,,,,,,,,,1
GALSULFASE,galsulfase,19078649,LYSOSOMAL STORAGE DISORDER DRUGS,,,,,,,,,,,,,,,,,,,,,1
GANAXOLONE,,,ANTISEIZURE MEDICINE,,,,,,EFRENONACOG ALFA (see EFTRENONACOG ALFA),HAEMOPHILIA B,,,,,,,,,,,,,,1
GEFITINIB,gefitinib,1319193,CANCER EXCLUSION,,,,,,,,,,,,,,,,,,,,,1
GEMCITABINE,gemcitabine,1314924,CANCER EXCLUSION,,,,,,EFTRENONACOG ALFA (EFRENONACOG ALFA),HAEMOPHILIA B,,,,,,,,,,,,,,1
GEMCITABINE (WITH CAPECITABINE),,,CANCER EXCLUSION,,,,,,,,,,,,,,,,,,,,,1
GEMTUZUMAB OZOGAMICIN,gemtuzumab ozogamicin,42799711,CANCER EXCLUSION,,,,,,ELADOCAGENE EXUPARVOVEC,AROMATIC L-AMINO ACID DECARBOXYLASE (AADC) DEFICIENCY,,,,,,,,,,,,,,1
GILTERITINIB,gilteritinib,1355513,CANCER EXCLUSION,,,,,,ELAFIBRANOR,PRIMARY BILIARY CHOLANGITIS,,,,,,,,,,,,,,1
GIROCTOCOGENE FITELPARVOVEC,,,ATMP,,,,,,ELBASVIR,HEPATITIS C,,,,,,,,,,,,,,1
GIVOSIRAN,givosiran,37498020,DRUGS USED IN METABOLIC DISORDERS,,,,,,ELEXACAFTOR + TEZACAFTOR + IVACAFTOR,CYSTIC FIBROSIS,,,,,,,,,,,,,,1
GLATIRAMER,glatiramer,751889,IMMUNOMODULATING DRUGS,,,,,,,,,,,,,,,,,,,,,1
GLECAPREVIR,glecaprevir,793843,VIRAL HEPATITIS (B&C) & RESPIRATORY SYNCYTIAL VIRUS,,,,,,ELIGLUSTAT,GAUCHER'S DISEASE,,,,,,,,,,,,,,1
GLOFITAMAB,,,CANCER EXCLUSION,,,,,,ELOSULFASE ALFA,MUCOPOLYSACCHARIDOSIS TYPE 4A,,,,,,,,,,,,,,1
GLUCARPIDASE,glucarpidase,42709319,POISONING,,,,,,ELOTUZUMAB,CANCER,MM,,,,,,,,,,,,,1
GLYCEROL PHENYLBUTYRATE,glycerol phenylbutyrate,46274595,DRUGS USED IN METABOLIC DISORDERS,,,,,,ELRANATAMAB,CANCER,MM,,,,,,,,,,,,,1
GRANULOCYTE-MACROPHAGE COLONY-STIMULATING FACTOR,,,DRUGS USED IN NEUTROPENIA,,,,,,,,,,,,,,,,,,,,,1
GRAZOPREVIR,grazoprevir,35606467,VIRAL HEPATITIS (B&C) & RESPIRATORY SYNCYTIAL VIRUS,,,,,,,,,,,,,,,,,,,,,1
HAEM ARGINATE,,,DRUGS USED IN METABOLIC DISORDERS,,,,,,ELVITEGRAVIR,HIV IN COMBINATION WITH OTHER ANTI-RETROVIRAL DRUGS,,,,,,,,,,,,,,1
HIGH PURITY FACTOR IX,,,BLOOD-RELATED PRODUCTS,,,,,,,,,,,,,,,,,,,,,1
(FACTOR IX - plasma derived),,,,,,,,,ELVUCITABINE,HIV IN COMBINATION WITH OTHER ANTI-RETROVIRAL DRUGS,,,,,,,,,,,,,,1
HIGH PURITY FACTOR VIII,,,BLOOD-RELATED PRODUCTS,,,,,,EMICIZUMAB,HAEMOPHILIA A,,,,,,,,,,,,,,1
(FACTOR VIII - plasma derived),,,,,,,,,,,,,,,,,,,,,,,,1
HUMAN ALPHA1-PROTEINASE INHIBITOR,,,DRUGS USED FOR EMPHYSEMA,,,,,,,,,,,,,,,,,,,,,1
HUMAN COAGULATION FACTOR X,,,BLOOD-RELATED PRODUCTS,,,,,,,,,,,,,,,,,,,,,1
HUMAN HETEROLOGOUS LIVER CELLS,,,DRUGS USED IN METABOLIC DISORDERS,,,,,,EMIPLACEL,MUSCLE INJURY FOLLOWING ARTHROPLASTY,,,,,,,,,,,,,,1
HUMAN NORMAL IMMUNOGLOBULINS - INTRAVENOUS,,,INTRAVENOUS NORMAL HUMAN IMMUNOGLOBULINS,,,,,,EMIXUSTAT,STARGARDT'S DISEASE,,,,,,,,,,,,,,1
HUMAN NORMAL IMMUNOGLOBULINS - SUBCUTANEOUS,,,INTRAVENOUS/SUBCUTANEOUS HUMAN NORMAL IMMUNOGLOBULINS,,,,,,EMTRICITABINE,HIV IN COMBINATION WITH OTHER ANTI-RETROVIRAL DRUGS,,,,,,,,,,,,,,1
HUMAN PARATHYROID HORMONE-RELATED PROTEIN ANALOGUE,,,DRUGS AFFECTING BONE METABOLISM,,,,,,,,,,,,,,,,,,,,,1
HYDROXYPROPYL BETADEX,,,DRUGS USED IN METABOLIC DISORDERS,,,,,,,,,,,,,,,,,,,,,1
IBALIZUMAB,ibalizumab,42544019,AIDS/HIV ANTIRETROVIRALS,,,,,,,,,,,,,,,,,,,,,1
IBRUTINIB,ibrutinib,44507848,CANCER EXCLUSION,,,,,,,,,,,,,,,,,,,,,1
ICATIBANT,icatibant,40242044,ALLERGIC EMERGENCIES,,,,,,ENCORAFENIB,CANCER,Colorectal cancer,Melanoma,,,,,,,,,,,,1
IDEBENONE,idebenone,19067036,NEUROMUSCULAR DISORDERS,,,,,,,,,,,,,,,,,,,,,1
IDECABTAGENE VICLEUCEL,idecabtagene vicleucel,36026868,ATMP,,,,,,,,,,,,,,,,,,,,,1
IDELALISIB,idelalisib,45776944,CANCER EXCLUSION,,,,,,,,,,,,,,,,,,,,,1
IDURSULFASE,idursulfase,19091430,LYSOSOMAL STORAGE DISORDER DRUGS,,,,,,ENFORTUMAB VEDOTIN,CANCER,,,,,,,,,,,,,,1
ILOPROST,iloprost,1344992,VASODILATOR ANTIHYPERTENSIVE DRUGS/PULMONARY ARTERIAL HYPERTENSION,,,,,,,Urothelial cancer,,,,,,,,,,,,,,1
IMATINIB,imatinib,1304107,CANCER EXCLUSION; CYTOKINE MODULATORS,,,,,,ENFUVIRTIDE,HIV IN COMBINATION WITH OTHER ANTI-RETROVIRAL DRUGS,,,,,,,,,,,,,,1
IMETELSTAT,,,PROTEIN KINASE INHIBITORS,,,,,,ENTRECTINIB,CANCER,Lung cancer,NTRK fusion positive solid tumours,Prostate cancer,,,,,,,,,,,1
IMIGLUCERASE,imiglucerase,1348407,LYSOSOMAL STORAGE DISORDER DRUGS,,,,,,,,,,,,,,,,,,,,,1
IMLIFIDASE,,,RENAL TRANSPLANTATION,,,,,,,,,,,,,,,,,,,,,1
INCLISIRAN,inclisiran,1758562,LIPID-REGULATING DRUGS,,,,,,,,,,,,,,,,,,,,,1
INDINAVIR,indinavir,1711523,AIDS/HIV ANTIRETROVIRALS,,,,,,,,,,,,,,,,,,,,,1
INEBILIZUMAB,inebilizumab,1146077,IMMUNOMODULATING DRUGS,,,,,,,,,,,,,,,,,,,,,1
INFLIXIMAB,infliximab,937368,CYTOKINE MODULATORS,,,,,,,,,,,,,,,,,,,,,1
INOTERSEN,inotersen,35200990,DRUGS FOR AMYLOIDOSIS,,,,,,,,,,,,,,,,,,,,,1
INOTUZUMAB OZOGAMICIN,inotuzumab ozogamicin,794068,CANCER EXCLUSION,,,,,,,,,,,,,,,,,,,,,1
INTERFERON ALFA (Pegylated and non-pegylated),,,IMMUNOMODULATING DRUGS,,,,,,,,,,,,,,,,,,,,,1
INTERFERON ALFA N3,,,IMMUNOMODULATING DRUGS,,,,,,,,,,,,,,,,,,,,,1
INTERFERON BETA,,,IMMUNOMODULATING DRUGS,,,,,,,,,,,,,,,,,,,,,1
INVERTASE,,,DRUGS USED IN METABOLIC DISORDERS,,,,,,EPCORITAMAB,CANCER,B-cell lymphoma,,,,,,,,,,,,,1
INVIMESTROCEL,,,ATMP,,,,,,,,,,,,,,,,,,,,,1
IPILIMUMAB,ipilimumab,40238188,CANCER EXCLUSION,,,,,,EPLONTERSEN,AMYLOIDOSIS,,,,,,,,,,,,,,1
IPTACOPAN,,,PAROXYSMAL NOCTURNAL HAEMOGLOBINURIA,,,,,,"EPOETIN ALPHA, BETA, THETA AND ZETA",DIALYSIS-INDUCED ANAEMIA,,,,,,,,,,,,,,1
ISATUXIMAB,isatuximab,37498969,CANCER EXCLUSION,,,,,,EPOPROSTENOL,DIGITAL ULCERS,,,,,,,,,,,,,,1
ISAVUCONAZOLE,isavuconazole,35606695,ANTIFUNGALS,,,,,,EPOPROSTENOL,PULMONARY ARTERIAL HYPERTENSION,,,,,,,,,,,,,,1
IVACAFTOR,ivacaftor,42709323,POTENTIATOR OF THE CFTR PROTEIN,,,,,,EPRATUZUMAB,SYSTEMIC LUPUS ERYTHEMATOSUS (SLE),,,,,,,,,,,,,,1
IVOSIDENIB,ivosidenib,1560123,CANCER EXCLUSION,,,,,,EPRODISATE,AMYLOIDOSIS,,,,,,,,,,,,,,1
IXAZOMIB,ixazomib,35606214,"DRUGS USED IN HYPOPLASTIC, HAEMOLYTIC AND RENAL ANAEMIAS; CANCER EXCLUSION",,,,,,EPTACOG ALFA (ACTIVATED),AS PER BCSH GUIDELINES FOR SPECIALISED INDICATIONS,,,,,,,,,,,,,,1
LANADELUMAB,lanadelumab,35200405,ALLERGIC EMERGENCIES,,,,,,,,,,,,,,,,,,,,,1
LANREOTIDE,lanreotide,1503501,SOMATOSTATIN ANALOGUES,,,,,,EPTACOG BETA (ACTIVATED),AS PER BCSH GUIDELINES FOR SPECIALISED INDICATIONS,,,,,,,,,,,,,,1
LAPATINIB,lapatinib,1359548,CANCER EXCLUSION,,,,,,,,,,,,,,,,,,,,,1
L-ARGININE,,,DRUGS USED IN METABOLIC DISORDERS,,,,,,ERIBULIN,CANCER,Breast cancer,,,,,,,,,,,,,1
LARONIDASE,laronidase,1543229,LYSOSOMAL STORAGE DISORDER DRUGS,,,,,,,,,,,,,,,,,,,,,1
LAROTRECTINIB,larotrectinib,1355705,CANCER EXCLUSION,,,,,,ERLOTINIB,CANCER,Lung cancer,,,,,,,,,,,,,1
LEBRIKIZUMAB,,,ALLERGEN IMMUNOTHERAPY,,,,,,,,,,,,,,,,,,,,,1
LENABASUM (ANABASUM),,,DRUGS AFFECTING THE IMMUNE RESPONSE,,,,,,,,,,,,,,,,,,,,,1
LENACAPAVIR,,,AIDS/HIV ANTIRETROVIRALS,,,,,,,,,,,,,,,,,,,,,1
LENADOGENE NOLPARVOVEC,,,ATMP,,,,,,,,,,,,,,,,,,,,,1
LENALIDOMIDE,lenalidomide,19026972,CANCER EXCLUSION; IMMUNOMODULATING DRUGS,,,,,,,,,,,,,,,,,,,,,1
LENIOLISIB,,,DRUGS USED IN METABOLIC DISORDERS,,,,,,ETANERCEPT,JUVENILE IDIOPATHIC ARTHRITIS - PAEDIATRICS,PLAQUE PSORIASIS - PAEDIATRICS,,,,,,,,,,,,,1
LENVATINIB,lenvatinib,46221433,CANCER EXCLUSION,,,,,,,,,,,,,,,,,,,,,1
LERIGLITAZONE,,,ADRENOLEUKODYSTROPHY (ALD),,,,,,,,,,,,,,,,,,,,,1
LERONLIMAB,leronlimab,32994,AIDS/HIV ANTIRETROVIRALS,,,,,,ETEPLIRSEN,DUCHENNE MUSCULAR DYSTROPHY,,,,,,,,,,,,,,1
LETERMOVIR,letermovir,792929,CYTOMEGALOVIRUS INFECTION,,,,,,ETRANACOGENE DEZAPARVOVEC,HAEMOPHILIA B,,,,,,,,,,,,,,1
LETETRESGENE AUTOLEUCEL,,,ATMP,,,,,,ETRASIMOD,ULCERATIVE COLITIS - PAEDIATRICS,,,,,,,,,,,,,,1
LEVODOPA + CARBIDOPA + ENTACAPONE (INTESTINAL GEL),,,NEURODEGENERATIVE CONDITIONS,,,,,,ETRAVIRINE,HIV IN COMBINATION WITH OTHER ANTI-RETROVIRAL DRUGS,,,,,,,,,,,,,,1
LEVODOPA + CARBIDOPA INTESTINAL GEL,,,NEURODEGENERATIVE CONDITIONS,,,,,,EVEROLIMUS,CANCER,Breast cancer,NETs,Renal cell carcinoma,Renal cell carcinoma,,,,,,,,,,1
LEVOFLOXACIN (INHALED),,,ANTIBACTERIAL DRUGS,,,,,,,,,,,,,,,,,,,,,1
LEVOKETOCONAZOLE,,,OTHER ENDOCRINE DRUGS,,,,,,,,,,,,,,,,,,,,,1
LIFILEUCEL,,,ATMP,,,,,,,,,,,,,,,,,,,,,1
LIPOSOMAL CYTARABINE-DAUNORUBICIN,,,CANCER EXCLUSION,,,,,,,,,,,,,,,,,,,,,1
LISOCABTAGENE MARALEUCEL,lisocabtagene maraleucel,739856,ATMP,,,,,,,,,,,,,,,,,,,,,1
LOMITAPIDE,lomitapide,43013119,LIPID-REGULATING DRUGS,,,,,,,,,,,,,,,,,,,,,1
LONAFARNIB,lonafarnib,37003374,FARNESYLTRANSFERASE INHIBITOR ,,,,,,,,,,,,,,,,,,,,,1
LONCASTUXIMAB,,,CANCER EXCLUSION,,,,,,EVEROLIMUS,KIDNEY TRANSPLANT - ADULTS,KIDNEY TRANSPLANT - CHILDREN & YOUNG PEOPLE,PREVENTING ORGAN REJECTION IN HEART TRANSPLANTATION,PREVENTING ORGAN REJECTION IN LIVER TRANSPLANTATION,RENAL ANGIOMYOLIPOMA ASSOCIATED WITH TUBEROUS SCLEROSIS,SEIZURES ASSOCIATED WITH SUBEPENDYMAL GIANT CELL ASTROCYTOMA (SEGA) ASSOCIATED WITH TUBEROUS SCLEROSIS COMPLEX,SUBEPENDYMAL GIANT CELL ASTROCYTOMA (SEGA) ASSOCIATED WITH TUBEROUS SCLEROSIS COMPLEX,,,,,,,,1
LONOCTOCOG ALFA,,,BLOOD-RELATED PRODUCTS,,,,,,,,,,,,,,,,,,,,,1
LOPINAVIR,lopinavir,1738170,AIDS/HIV ANTIRETROVIRALS,,,,,,,,,,,,,,,,,,,,,1
LORLATINIB,lorlatinib,35201733,CANCER EXCLUSION,,,,,,,,,,,,,,,,,,,,,1
LUMACAFTOR + IVACAFTOR,,,POTENTIATOR OF THE CFTR PROTEIN,,,,,,,,,,,,,,,,,,,,,1
LUMASIRAN,lumasiran,37003331,DRUGS USED IN METABOLIC DISORDERS,,,,,,,,,,,,,,,,,,,,,1
LUSPATERCEPT,luspatercept,37497705,MYELODYSPLASTIC SYNDROME,,,,,,,,,,,,,,,,,,,,,1
LUTETIUM (177Lu) OXODOTREOTIDE,,,CANCER EXCLUSION,,,,,,EVINACUMAB,HOMOZYGOUS FAMILIAL HYPERCHOLESTEROLAEMIA,,,,,,,,,,,,,,1
LUTETIUM (177Lu) VIPIVOTIDE TETRAXETAN,,,CANCER EXCLUSION,,,,,,EVOLOCUMAB,HOMOZYGOUS FAMILIAL HYPERCHOLESTEROLAEMIA,,,,,,,,,,,,,,1
MACITENTAN,macitentan,44507580,VASODILATOR ANTIHYPERTENSIVE DRUGS/PULMONARY ARTERIAL HYPERTENSION,,,,,,EXAGAMGLOGENE AUTOTEMCEL,SICKLE CELL DISEASE,,,,,,,,,,,,,,1
MANNITOL (INHALED),,,MUCOLYTICS,,,,,,EXAGAMGLOGENE AUTOTEMCEL,THALASSAEMIA,,,,,,,,,,,,,,1
MARALIXIBAT,maralixibat,701940,DRUGS USED IN METABOLIC DISORDERS,,,,,,EX-VIVO EXPANDED AUTOLOGOUS HUMAN CORNEAL EPITHELIAL CELLS CONTAINING STEM CELLS,"TREATMENT OF ADULT PATIENTS WITH MODERATE TO SEVERE LIMBAL STEM CELL DEFICIENCY (LSCD), UNILATERAL OR BILATERAL, DUE TO PHYSICAL OR CHEMICAL OCULAR BURNS",,,,,,,,,,,,,,1
MARAVIROC,maraviroc,1787101,AIDS/HIV ANTIRETROVIRALS,,,,,,,HAEMOPHILIA B,,,,,,,,,,,,,,1
MARIBAVIR,maribavir,702291,CYTOMEGALOVIRUS INFECTION,,,,,,,,,,,,,,,,,,,,,1
MARNETEGRAGENE AUTOTEMCEL,,,ATMP,,,,,,,,,,,,,,,,,,,,,1
MARSTACIMAB,,,BLOOD-RELATED PRODUCTS,,,,,,,,,,,,,,,,,,,,,1
MASITINIB,,,CANCER EXCLUSION,,,,,,FACTOR VIII + VON WILLEBRAND FACTOR,VON WILLEBRAND DEFICIENCY,,,,,,,,,,,,,,1
MAVACAMTEN,,,OTHER CARDIAC PREPARATIONS,,,,,,(VON WILLEBRAND FACTOR - PLASMA with FVIII),,,,,,,,,,,,,,,1
MECASERMIN,mecasermin,1502877,GROWTH HORMONE & GROWTH HORMONE RECEPTOR ANTAGONIST,,,,,,FACTOR VIII INHIBITOR BYPASSING FRACTION,AS PER BCSH GUIDELINES FOR SPECIALISED INDICATIONS,,,,,,,,,,,,,,1
MEPOLIZUMAB,mepolizumab,35606631,ALLERGEN IMMUNOTHERAPY,,,,,,FACTOR X (see HUMAN COAGULATION FACTOR X),AS PER BCSH GUIDELINES FOR SPECIALISED INDICATIONS,,,,,,,,,,,,,,1
MERCAPTAMINE HCL VISCOUS EYEDROPS,,,DRUGS USED IN METABOLIC DISORDERS,,,,,,(FACTOR X - plasma derived),,,,,,,,,,,,,,,1
MESENCHYMAL STEM CELLS,,,ATMP,,,,,,FACTOR XI,AS PER BCSH GUIDELINES FOR SPECIALISED INDICATIONS,,,,,,,,,,,,,,1
METRELEPTIN ,metreleptin,44814585,OTHER ENDOCRINE DRUGS,,,,,,FACTOR XIII,AS PER BCSH GUIDELINES FOR SPECIALISED INDICATIONS,,,,,,,,,,,,,,1
MEXILETINE,mexiletine,1307542,NEUROMUSCULAR DISORDERS,,,,,,(FACTOR XIII - plasma derived),,,,,,,,,,,,,,,1
MICAFUNGIN,micafungin,19018013,ANTIFUNGALS,,,,,,FAMPRIDINE,MULTIPLE SCLEROSIS,,,,,,,,,,,,,,1
MIDOSTAURIN,midostaurin,1594003,CANCER EXCLUSION,,,,,,FEDRATINIB,MYELOFIBROSIS,,,,,,,,,,,,,,1
MIFAMURTIDE,,,CANCER EXCLUSION,,,,,,FENFLURAMINE,DRAVET SYNDROME,,,,,,,,,,,,,,1
MIGALASTAT,migalastat,35200267,LYSOSOMAL STORAGE DISORDER DRUGS,,,,,,FIBRINOGEN,AS PER BCSH GUIDELINES FOR SPECIALISED INDICATIONS,,,,,,,,,,,,,,1
MIGLUSTAT,miglustat,19045272,LYSOSOMAL STORAGE DISORDER DRUGS,,,,,,FIDANACOGENE ELAPARVOVEC,HAEMOPHILIA B,,,,,,,,,,,,,,1
MITAPIVAT,,,DRUGS USED IN METABOLIC DISORDERS,,,,,,FINGOLIMOD,MULTIPLE SCLEROSIS,,,,,,,,,,,,,,1
MOBOCERTINIB,mobocertinib,701915,CANCER EXCLUSION,,,,,,FINGOLIMOD,MULTIPLE SCLEROSIS,,,,,,,,,,,,,,1
MOGAMULIZUMAB,mogamulizumab,35200202,CANCER EXCLUSION,,,,,,FITUSIRAN,HAEMOPHILIA A AND B,,,,,,,,,,,,,,1
MOMELOTINIB,,,CANCER EXCLUSION,,,,,,FORDADISTROGENE MOVAPARVOVEC,DUCHENNE MUSCULAR DYSTROPHY,,,,,,,,,,,,,,1
MOROCTOCOG ALFA,,,BLOOD-RELATED PRODUCTS,,,,,,FORIGERIMOD ACETATE,SYSTEMIC LUPUS ERYTHEMATOSUS (SLE),,,,,,,,,,,,,,1
MOSUNETUZUMAB,,,CANCER EXCLUSION,,,,,,FOSAMPRENAVIR,HIV IN COMBINATION WITH OTHER ANTI-RETROVIRAL DRUGS,,,,,,,,,,,,,,1
MOZAFANCOGENE AUTOTEMCEL,,,ATMP,,,,,,FOSDENOPTERIN (CYCLIC PYRANOPTERIN MONOPHOSPHATE),MOLYBDENUM COFACTOR DEFICIENCY,,,,,,,,,,,,,,1
MYCOPHENOLATE MOFETIL,mycophenolate mofetil,19003999,CORTICOSTEROIDS AND OTHER IMMUNOSUPPRESSANTS,,,,,,FOSLEVODOPA-FOSCARBIDOPA,PARKINSON'S DISEASE,,,,,,,,,,,,,,1
MYCOPHENOLIC ACID (sodium salt),,,CORTICOSTEROIDS AND OTHER IMMUNOSUPPRESSANTS,,,,,,FOSTEMSAVIR,HIV IN COMBINATION WITH OTHER ANTI-RETROVIRAL DRUGS,,,,,,,,,,,,,,1
NAB-PACLITAXEL - ALBUMIN BOUND PACLITAXEL (WITH ATEZOLIZUMAB),,,CANCER EXCLUSION,,,,,,FUTIBATINIB,CANCER,,,,,,,,,,,,,,1
NAB-PACLITAXEL - ALBUMIN BOUND PACLITAXEL (WITH GEMCITABINE),,,CANCER EXCLUSION,,,,,,,Cholangiocarcinoma,,,,,,,,,,,,,,1
NADOFARANGENE FIRADENOVEC,,,ATMP,,,,,,FUTIBATINIB,CANCER,,,,,,,,,,,,,,1
NARSOPLIMAB,,,ANGIOPATHY / GLOMERULONEPHROPATHY,,,,,,,Cholangiocarcinoma,,,,,,,,,,,,,,1
NATALIZUMAB,natalizumab,735843,IMMUNOMODULATING DRUGS,,,,,,GALSULFASE,MUCOPOLYSACCHARIDOSIS,,,,,,,,,,,,,,1
NAVITOCLAX,,,IMMUNOMODULATING DRUGS,,,,,,GANAXOLONE,SEIIZURES ASSOCIATED WITH CYCLIN-DEPENDENT KINASE-LIKE 5 DEFICIENCY DISORDER,,,,,,,,,,,,,,1
NECITUMUMAB,necitumumab,35606215,CANCER EXCLUSION,,,,,,GEFITINIB,CANCER,,,,,,,,,,,,,,1
NEDOSIRAN,,,DRUGS USED IN METABOLIC DISORDERS,,,,,,,Lung cancer,,,,,,,,,,,,,,
NELARABINE,nelarabine,19002912,CANCER EXCLUSION,,,,,,GEFITINIB,CANCER,,,,,,,,,,,,,,1
NELFINAVIR,nelfinavir,1715472,AIDS/HIV ANTIRETROVIRALS,,,,,,,Lung cancer,,,,,,,,,,,,,,1
NERATINIB,neratinib,793846,CANCER EXCLUSION,,,,,,GEMCITABINE,CANCER,,,,,,,,,,,,,,1
NEVIRAPINE,nevirapine,1769389,AIDS/HIV ANTIRETROVIRALS,,,,,,,Biliary tract cancer,,,,,,,,,,,,,,1
NEXOBRID (BROMELAIN),,,DRUGS USED IN METABOLIC DISORDERS,,,,,,GEMCITABINE (WITH CAPECITABINE),CANCER,,,,,,,,,,,,,,1
NICARDIPINE - INTRACRANIAL IMPLANT,,,INTRACEREBRAL VASODILATOR,,,,,,,Pancreatic cancer,,,,,,,,,,,,,,1
NILOTINIB,nilotinib,1394023,CANCER EXCLUSION,,,,,,GEMTUZUMAB OZOGAMICIN ,CANCER,,,,,,,,,,,,,,1
NINTEDANIB,nintedanib,45775396,CANCER EXCLUSION; IMMUNOMODULATING DRUGS,,,,,,,AML,,,,,,,,,,,,,,1
NIRAPARIB,niraparib,1593861,CANCER EXCLUSION,,,,,,GILTERITINIB,CANCER,,,,,,,,,,,,,,1
NIRSEVIMAB,,,VIRAL HEPATITIS (B&C) & RESPIRATORY SYNCYTIAL VIRUS,,,,,,,AML,,,,,,,,,,,,,,1
NITAZOXANIDE,nitazoxanide,1715315,VIRAL HEPATITIS (B&C) & RESPIRATORY SYNCYTIAL VIRUS,,,,,,GIROCTOCOGENE FITELPARVOVEC,HAEMOPHILIA A,,,,,,,,,,,,,,1
NITISINONE,nitisinone,1586640,DRUGS USED IN METABOLIC DISORDERS,,,,,,GIVOSIRAN,HEPATIC PORPHYRIA,,,,,,,,,,,,,,1
NITRIC OXIDE,nitric oxide,19020068,VASODILATOR ANTIHYPERTENSIVE DRUGS/PULMONARY ARTERIAL HYPERTENSION,,,,,,GLATIRAMER,MULTIPLE SCLEROSIS,,,,,,,,,,,,,,1
NIVOLUMAB,nivolumab,45892628,CANCER EXCLUSION,,,,,,GLATIRAMER,MULTIPLE SCLEROSIS,,,,,,,,,,,,,,1
NONACOG ALFA,,,BLOOD-RELATED PRODUCTS,,,,,,GLECAPREVIR,HEPATITIS C,,,,,,,,,,,,,,1
NONACOG BETA PEGOL,,,BLOOD-RELATED PRODUCTS,,,,,,GLOFITAMAB,CANCER,,,,,,,,,,,,,,1
NONACOG GAMMA,,,BLOOD-RELATED PRODUCTS,,,,,,,DLBCL,,,,,,,,,,,,,,1
NUSINERSEN,nusinersen,1593031,NEURODEGENERATIVE CONDITIONS,,,,,,GLUCARPIDASE,METHOTREXATE INDUCED RENAL DYSFUNCTION,,,,,,,,,,,,,,1
OBECABTAGENE AUTOLEUCEL,,,ATMP,,,,,,GLYCEROL PHENYLBUTYRATE,UREA CYCLE DISORDERS,,,,,,,,,,,,,,1
OBETICHOLIC ACID,obeticholic acid,36250189,DRUGS USED IN METABOLIC DISORDERS,,,,,,GRANULOCYTE-MACROPHAGE COLONY-STIMULATING FACTOR,ANTIBODY-POSITIVE PULMONARY ALVEOLAR PROTEINOSIS,,,,,,,,,,,,,,1
OBILTOXAXIMAB,obiltoxaximab,35603994,POISONING,,,,,,GRAZOPREVIR,HEPATITIS C,,,,,,,,,,,,,,1
OBINUTUZUMAB,obinutuzumab,44507676,CANCER EXCLUSION,,,,,,HAEM ARGINATE,HEPATIC PORPHYRIA,,,,,,,,,,,,,,1
OCRELIZUMAB,ocrelizumab,1593457,IMMUNOMODULATING DRUGS,,,,,,HIGH PURITY FACTOR IX,HAEMOPHILIA B,,,,,,,,,,,,,,1
OCTOCOG ALFA,,,BLOOD-RELATED PRODUCTS,,,,,,(FACTOR IX - plasma derived),,,,,,,,,,,,,,,1
OCTREOLIN,,,GROWTH HORMONE & GROWTH HORMONE RECEPTOR ANTAGONIST,,,,,,HIGH PURITY FACTOR VIII,HAEMOPHILIA A,,,,,,,,,,,,,,1
OCTREOTIDE,octreotide,1522957,SOMATOSTATIN ANALOGUES,,,,,,(FACTOR VIII - plasma derived),,,,,,,,,,,,,,,1
ODEVIXIBAT,odevixibat,701379,DRUGS USED IN METABOLIC DISORDERS,,,,,,HUMAN ALPHA1-PROTEINASE INHIBITOR,EMPHYSEMA,,,,,,,,,,,,,,1
OFATUMUMAB,ofatumumab,40167582,IMMUNOMODULATING DRUGS,,,,,,HUMAN COAGULATION FACTOR X,FACTOR X DEFICIENCY,,,,,,,,,,,,,,1
OLAPARIB,olaparib,45892579,CANCER EXCLUSION,,,,,,HUMAN HETEROLOGOUS LIVER CELLS,UREA CYCLE DISORDERS,,,,,,,,,,,,,,1
OLENASUFLIGENE RELDUPARVOVEC,,,ATMP,,,,,,HUMAN NORMAL IMMUNOGLOBULINS - INTRAVENOUS ,MULTIPLE INDICATIONS,,,,,,,,,,,,,,1
OLIPUDASE ALFA,,,LYSOSOMAL STORAGE DISORDER DRUGS,,,,,,HUMAN NORMAL IMMUNOGLOBULINS - SUBCUTANEOUS,MULTIPLE INDICATIONS,,,,,,,,,,,,,,1
OMALIZUMAB,omalizumab,1110942,ALLERGEN IMMUNOTHERAPY,,,,,,HUMAN PARATHYROID HORMONE-RELATED PROTEIN ANALOGUE,MALE AND JUVENILE OSTEOPOROSIS,,,,,,,,,,,,,,1
OMBITASVIR + PARITAPREVIR+ RITONAVIR + DASABUVIR + RIBAVIRIN,,,VIRAL HEPATITIS (B&C) & RESPIRATORY SYNCYTIAL VIRUS,,,,,,,HYPOPARATHYROIDISM,,,,,,,,,,,,,,1
ONASEMNOGENE ABEPARVOVEC,onasemnogene abeparvovec,1396458,ATMP,,,,,,HYDROXYPROPYL BETADEX,,,,,,,,,,,,,,,1
OSILODROSTAT,osilodrostat,37499303,OTHER ENDOCRINE DRUGS,,,,,,IBALIZUMAB,HIV IN COMBINATION WITH OTHER ANTI-RETROVIRAL DRUGS,,,,,,,,,,,,,,1
OSIMERTINIB,osimertinib,35605522,CANCER EXCLUSION,,,,,,IBRUTINIB,CANCER,,,,,,,,,,,,,,1
OSTEOCHONDRAL ALLOGRAFT,,,ATMP - Transplant material,,,,,,,CLL,,,,,,,,,,,,,,1
OZANIMOD,ozanimod,37499437,IMMUNOMODULATING DRUGS,,,,,,IBRUTINIB,CANCER,,,,,,,,,,,,,,1
PACRITINIB,,,CANCER EXCLUSION,,,,,,,CLL,,,,,,,,,,,,,,1
PALBOCICLIB,palbociclib,45892075,CANCER EXCLUSION,,,,,,IBRUTINIB,CANCER,,,,,,,,,,,,,,1
PALIVIZUMAB,palivizumab,537647,VIRAL HEPATITIS (B&C) & RESPIRATORY SYNCYTIAL VIRUS,,,,,,,CLL,,,,,,,,,,,,,,1
PALOPEGTERIPARATIDE,,,OTHER ENDOCRINE DRUGS,,,,,,IBRUTINIB,CANCER,,,,,,,,,,,,,,1
PALOVAROTENE,,,DRUGS AFFECTING BONE METABOLISM,,,,,,,CLL,,,,,,,,,,,,,,1
PANITUMUMAB,panitumumab,19100985,CANCER EXCLUSION,,,,,,IBRUTINIB,CANCER,,,,,,,,,,,,,,1
PANOBINOSTAT,panobinostat,46221435,CANCER EXCLUSION,,,,,,,CLL,,,,,,,,,,,,,,1
PARA-AMINOSALICYLIC ACID,,,ANTITUBERCULOSIS DRUGS,,,,,,IBRUTINIB,CANCER,,,,,,,,,,,,,,1
PARATHYROID HORMONE,parathyroid hormone,43532113,OTHER ENDOCRINE DRUGS,,,,,,,CLL,,,,,,,,,,,,,,1
PARENTERAL NUTRITION (HOME USE),,,PARENTERAL NUTRITION,,,,,,IBRUTINIB,CANCER,,,,,,,,,,,,,,1
PARENTERAL NUTRITION (INPATIENT USE),,,PARENTERAL NUTRITION,,,,,,,MCL,,,,,,,,,,,,,,1
PARICALCITOL,paricalcitol,1517740,OTHER ENDOCRINE DRUGS,,,,,,IBRUTINIB,CANCER,,,,,,,,,,,,,,1
PARITAPREVIR,paritaprevir,45892554,VIRAL HEPATITIS (B&C) & RESPIRATORY SYNCYTIAL VIRUS,,,,,,,Waldenstrom's macroglobulinaemia,,,,,,,,,,,,,,1
PASIREOTIDE,pasireotide,43012417,SOMATOSTATIN ANALOGUES,,,,,,IBRUTINIB,CANCER,,,,,,,,,,,,,,1
PASIREOTIDE DIASPARTATE,,,SOMATOSTATIN ANALOGUES,,,,,,,Waldenstrom's macroglobulinaemia,,,,,,,,,,,,,,1
PATISIRAN,patisiran,35200163,DRUGS FOR AMYLOIDOSIS,,,,,,ICATIBANT,HEREDITARY ANGIOEDEMA - ACUTE TREATMENT ONLY,,,,,,,,,,,,,,1
PAZOPANIB,pazopanib,40167554,CANCER EXCLUSION,,,,,,ICATIBANT,HEREDITARY ANGIOEDEMA - ACUTE TREATMENT ONLY,,,,,,,,,,,,,,1
PEGASPARGASE,pegaspargase,1326481,CANCER EXCLUSION,,,,,,IDEBENONE,DUCHENNE MUSCULAR DYSTROPHY,,,,,,,,,,,,,,1
PEGBELFERMIN,,,DRUGS USED IN ALCOHOLIC FATTY LIVER DISEASE,,,,,,IDEBENONE,LEBER HEREDITARY OPTIC NEUROPATHY ,,,,,,,,,,,,,,1
PEGCETACOPLAN,pegcetacoplan,1537122,DRUGS AFFECTING THE IMMUNE RESPONSE,,,,,,IDECABTAGENE VICLEUCEL,CANCER,,,,,,,,,,,,,,1
PEGINTERFERON ALFA,,,VIRAL HEPATITIS (B&C) & RESPIRATORY SYNCYTIAL VIRUS,,,,,,,MM,,,,,,,,,,,,,,1
PEGINTERFERON BETA-1A,,,IMMUNOMODULATING DRUGS,,,,,,IDELALISIB,CANCER,,,,,,,,,,,,,,1
PEGUNIGALSIDASE ALFA,,,LYSOSOMAL STORAGE DISORDER DRUGS,,,,,,,CLL,,,,,,,,,,,,,,1
PEGVALIASE,pegvaliase,1510552,DRUGS USED IN METABOLIC DISORDERS,,,,,,IDURSULFASE,MUCOPOLYSACCHARIDOSIS,,,,,,,,,,,,,,1
PEGVISOMANT,pegvisomant,1503432,HYPOTHALMIC & ANTERIOR PITUITARY HORMONES & ANTI-OESTROGENS,,,,,,ILOPROST,DIGITAL ULCERS,,,,,,,,,,,,,,1
PEGYLATED LIPOSOMAL DOXORUBICIN,,,CANCER EXCLUSION,,,,,,ILOPROST,PULMONARY ARTERIAL HYPERTENSION,,,,,,,,,,,,,,1
PEMBROLIZUMAB,pembrolizumab,45775965,CANCER EXCLUSION,,,,,,IMATINIB,CANCER,,,,,,,,,,,,,,1
PEMETREXED,pemetrexed,1304919,CANCER EXCLUSION,,,,,,,CML,,,,,,,,,,,,,,1
PEMIGATINIB,pemigatinib,37499576,CANCER EXCLUSION,,,,,,IMATINIB,CANCER,,,,,,,,,,,,,,1
PEPTIDE RECEPTOR RADIONUCLEOTIDE THERAPY,,,CANCER EXCLUSION,,,,,,,CML,,,,,,,,,,,,,,1
PERTUZUMAB,pertuzumab,42801287,CANCER EXCLUSION,,,,,,IMATINIB,CANCER,,,,,,,,,,,,,,1
PIBRENTASVIR,pibrentasvir,793844,VIRAL HEPATITIS (B&C) & RESPIRATORY SYNCYTIAL VIRUS,,,,,,,CML,,,,,,,,,,,,,,1
PIRFENIDONE,pirfenidone,45775206,IMMUNOMODULATING DRUGS,,,,,,IMATINIB,CANCER,,,,,,,,,,,,,,1
PIXANTRONE,,,CANCER EXCLUSION,,,,,,,Gastrointestinal stromal tumour,,,,,,,,,,,,,,1
PLATELET LYSATE THERAPY,,,ATMP,,,,,,IMATINIB,CANCER,,,,,,,,,,,,,,1
PLERIXAFOR,plerixafor,19017581,DRUGS AFFECTING THE IMMUNE RESPONSE,,,,,,,Gastrointestinal stromal tumour,,,,,,,,,,,,,,1
POLATUZUMAB VEDOTIN,polatuzumab vedotin,1396729,CANCER EXCLUSION,,,,,,IMATINIB,CANCER,,,,,,,,,,,,,,1
POMALIDOMIDE,pomalidomide,43014237,CANCER EXCLUSION; IMMUNOMODULATING DRUGS,,,,,,,Gastrointestinal stromal tumour,,,,,,,,,,,,,,1
PONATINIB,ponatinib,43013182,CANCER EXCLUSION,,,,,,IMATINIB,CHRONIC GRAFT VERSUS HOST DISEASE,,,,,,,,,,,,,,1
PONESIMOD,ponesimod,740121,IMMUNOMODULATING DRUGS,,,,,,IMETELSTAT,CANCER,,,,,,,,,,,,,,1
POSACONAZOLE,posaconazole,1704139,ANTIFUNGALS,,,,,,IMIGLUCERASE,GAUCHER'S DISEASE,,,,,,,,,,,,,,1
PRALSETINIB,pralsetinib,37002765,CANCER EXCLUSION,,,,,,IMLIFIDASE,TRANSPLANT REJECTION PREVENTION IN HLA-SENSITISED PATIENTS,,,,,,,,,,,,,,1
PRETOMANID,pretomanid,37496482,ANTITUBERCULOSIS DRUGS,,,,,,INCLISIRAN,PRIMARY HYPERCHOLESTEROLAEMIA OR MIXED DYSLIPIDAEMIA,,,,,,,,,,,,,,1
PROTEIN C HUMAN (acute use),,,BLOOD-RELATED PRODUCTS,,,,,,INCLISIRAN,PRIMARY HYPERCHOLESTEROLAEMIA OR MIXED DYSLIPIDAEMIA,,,,,,,,,,,,,,1
PROTEIN C HUMAN (long-term use),,,BLOOD-RELATED PRODUCTS,,,,,,INDINAVIR,HIV IN COMBINATION WITH OTHER ANTI-RETROVIRAL DRUGS,,,,,,,,,,,,,,1
PROTEIN KINASE INHIBITORS,,,,,,,,,INEBILIZUMAB,MULTIPLE SCLEROSIS,,,,,,,,,,,,,,1
PROTHROMBIN COMPLEX CONCENTRATE (PCC),,,BLOOD-RELATED PRODUCTS,,,,,,INFLIXIMAB,BEHCETS SYNDROME,,,,,,,,,,,,,,1
QUIZARTINIB,,,CANCER EXCLUSION,,,,,,INFLIXIMAB,CONNECTIVE TISSUE DISEASE - INTERSTITAL LUNG DISEASE,,,,,,,,,,,,,,1
RADIUM-223 DICHLORIDE,,,CANCER EXCLUSION,,,,,,INFLIXIMAB,CROHN'S DISEASE - PAEDIATRICS,,,,,,,,,,,,,,1
RALTEGRAVIR,raltegravir,1712889,AIDS/HIV ANTIRETROVIRALS,,,,,,INFLIXIMAB,GRAFT VERSUS HOST DISEASE,,,,,,,,,,,,,,1
RAMUCIRUMAB,ramucirumab,44818489,CANCER EXCLUSION,,,,,,INFLIXIMAB,HIDRADENITIS SUPPURATIVA,,,,,,,,,,,,,,1
RANIBIZUMAB,ranibizumab,19080982,SUBFOVEAL CHOROIDAL NEOVASCULARISATION,,,,,,INFLIXIMAB,JUVENILE IDIOPATHIC ARTHRITIS - PAEDIATRICS,,,,,,,,,,,,,,1
RASBURICASE,rasburicase,1304565,GOUT AND CYTOTOXIC-INDUCED HYPERURICAEMIA,,,,,,INFLIXIMAB,PULMONARY SARCOIDOSIS,,,,,,,,,,,,,,1
RAVULIZUMAB,ravulizumab,1356009,DRUGS AFFECTING THE IMMUNE RESPONSE,,,,,,INFLIXIMAB,REFRACTORY SARCOIDOSIS,,,,,,,,,,,,,,1
REGORAFENIB,regorafenib,42903460,CANCER EXCLUSION,,,,,,INFLIXIMAB,REFRACTORY OR PROGRESSIVE NEUROSARCOIDOSIS,,,,,,,,,,,,,,1
RELATLIMAB,,,CANCER EXCLUSION,,,,,,INFLIXIMAB,ULCERATIVE COLITIS - PAEDIATRICS,,,,,,,,,,,,,,1
REPARIXIN,,,DRUGS AFFECTING THE IMMUNE RESPONSE,,,,,,INFLIXIMAB,UVEITIS ,,,,,,,,,,,,,,1
RESLIZUMAB,reslizumab,35603983,ALLERGEN IMMUNOTHERAPY,,,,,,INOTERSEN,AMYLOIDOSIS,,,,,,,,,,,,,,1
REZAFUNGIN,,,ANTIFUNGALS,,,,,,INOTUZUMAB OZOGAMICIN ,CANCER,,,,,,,,,,,,,,1
RIBOCICLIB,ribociclib,1592911,CANCER EXCLUSION,,,,,,,ALL,,,,,,,,,,,,,,1
RILPIVIRINE,rilpivirine,40238930,AIDS/HIV ANTIRETROVIRALS,,,,,,INTERFERON ALFA (Pegylated and non-pegylated),HEPATITIS B AND C,,,,,,,,,,,,,,1
RIOCIGUAT,riociguat,44506752,VASODILATOR ANTIHYPERTENSIVE DRUGS/PULMONARY ARTERIAL HYPERTENSION,,,,,,INTERFERON ALFA N3,MIDDLE EAST RESPIRATORY SYNDROME,,,,,,,,,,,,,,1
RIPRETINIB,ripretinib,1145752,CANCER EXCLUSION,,,,,,INTERFERON BETA,MULTIPLE SCLEROSIS,,,,,,,,,,,,,,1
RISANKIZUMAB,risankizumab,1511348,DRUGS AFFECTING THE IMMUNE RESPONSE,,,,,,INTERFERON BETA,MULTIPLE SCLEROSIS,,,,,,,,,,,,,,1
RISDIPLAM,,,NEURODEGENERATIVE CONDITIONS,,,,,,INTERFERON BETA,MULTIPLE SCLEROSIS,,,,,,,,,,,,,,1
RITONAVIR,ritonavir,1748921,AIDS/HIV ANTIRETROVIRALS,,,,,,INVERTASE,,,,,,,,,,,,,,,1
RITUXIMAB,rituximab,1314273,CYTOKINE MODULATORS,,,,,,INVIMESTROCEL,STROKE,,,,,,,,,,,,,,1
RITUXIMAB IV,,,CANCER EXCLUSION,,,,,,IPILIMUMAB,CANCER,,,,,,,,,,,,,,1
RITUXIMAB SUBCUTANEOUS FORMULATION,,,CANCER EXCLUSION,,,,,,,Lung cancer,,,,,,,,,,,,,,1
RIVIPANSEL SODIUM,,,NOVEL - NO GROUP NAME AGREED; BLOOD-RELATED PRODUCTS,,,,,,IPILIMUMAB,CANCER,,,,,,,,,,,,,,1
ROPEGINTERFERON ALFA-2b ,,,VIRAL HEPATITIS (B&C) & RESPIRATORY SYNCYTIAL VIRUS,,,,,,,Melanoma,,,,,,,,,,,,,,1
RP-L102,,,ATMP,,,,,,IPILIMUMAB,CANCER,,,,,,,,,,,,,,1
RP-L201,,,ATMP,,,,,,,Melanoma,,,,,,,,,,,,,,1
RUCAPARIB,rucaparib,1718850,CANCER EXCLUSION,,,,,,IPILIMUMAB,CANCER,,,,,,,,,,,,,,1
RURIOCTOCOG ALFA PEGOL,,,BLOOD-RELATED PRODUCTS,,,,,,,Melanoma,,,,,,,,,,,,,,1
RUXOLITINIB,ruxolitinib,40244464,CANCER EXCLUSION,,,,,,IPILIMUMAB,CANCER,,,,,,,,,,,,,,1
SACITUZUMAB GOVITECAN,,,CANCER EXCLUSION,,,,,,,Mesothelioma,,,,,,,,,,,,,,1
SAPROPTERIN,sapropterin,19021959,DRUGS USED IN METABOLIC DISORDERS,,,,,,IPILIMUMAB,CANCER,,,,,,,,,,,,,,1
SAQUINAVIR,saquinavir,1746244,AIDS/HIV ANTIRETROVIRALS,,,,,,,Renal cell carcinoma,,,,,,,,,,,,,,1
SATRALIZUMAB,satralizumab,37002573,CYTOKINE MODULATORS,,,,,,IPILIMUMAB ,CANCER,,,,,,,,,,,,,,1
SEBELIPASE ALFA,sebelipase alfa,35604495,LYSOSOMAL STORAGE DISORDER DRUGS,,,,,,,Colorectal cancer,,,,,,,,,,,,,,1
SECUKINUMAB,secukinumab,45892883,CYTOKINE MODULATORS,,,,,,IPTACOPAN,PAROXYSMAL NOCTURNAL HAEMOGLOBINURIA,,,,,,,,,,,,,,1
SELEXIPAG,selexipag,35604848,VASODILATOR ANTIHYPERTENSIVE DRUGS/PULMONARY ARTERIAL HYPERTENSION,,,,,,IPTACOPAN,PAROXYSMAL NOCTURNAL HAEMOGLOBINURIA,,,,,,,,,,,,,,1
SELINEXOR,selinexor,1361191,CANCER EXCLUSION,,,,,,ISATUXIMAB,CANCER,,,,,,,,,,,,,,1
SELPERCATINIB,selpercatinib,1145791,CANCER EXCLUSION,,,,,,,MM,,,,,,,,,,,,,,1
SELUMETINIB,selumetinib,37499520,ANTINEOPLASTIC DRUGS,,,,,,ISATUXIMAB,CANCER,,,,,,,,,,,,,,1
SETMELANOTIDE,setmelanotide,37003477,DRUGS USED IN METABOLIC DISORDERS,,,,,,,MM,,,,,,,,,,,,,,1
SETRUSUMAB,,,DRUGS AFFECTING BONE METABOLISM,,,,,,ISAVUCONAZOLE,FUNGAL INFECTION (LICENSED INDICATIONS),,,,,,,,,,,,,,1
SILDENAFIL,sildenafil,1316262,VASODILATOR ANTIHYPERTENSIVE DRUGS/PULMONARY ARTERIAL HYPERTENSION,,,,,,IVACAFTOR,CYSTIC FIBROSIS,,,,,,,,,,,,,,1
SILTUXIMAB,siltuximab,44818461,CYTOKINE MODULATORS,,,,,,IVOSIDENIB,CANCER,,,,,,,,,,,,,,1
SIMOCTOCOG ALFA,,,BLOOD-RELATED PRODUCTS,,,,,,,Cholangiocarcinoma,,,,,,,,,,,,,,1
SIPONIMOD,siponimod,1510913,IMMUNOMODULATING DRUGS,,,,,,IVOSIDENIB,CANCER,,,,,,,,,,,,,,1
SIROLIMUS,sirolimus,19034726,CORTICOSTEROIDS AND OTHER IMMUNOSUPPRESSANTS,,,,,,,AML,,,,,,,,,,,,,,1
SITOIGANAP,,,ATMP,,,,,,IXAZOMIB,AMYLOIDOSIS,,,,,,,,,,,,,,1
SODIUM BENZOATE,,,DRUGS USED IN METABOLIC DISORDERS,,,,,,IXAZOMIB,CANCER,,,,,,,,,,,,,,1
SODIUM HYDROXYBUTYRATE,,,DRUGS USED IN METABOLIC DISORDERS,,,,,,,MM,,,,,,,,,,,,,,1
SODIUM OXYBATE,,,HYPNOTICS & ANXIOLYTICS,,,,,,LANADELUMAB,HEREDITARY ANGIOEDEMA - PROPHYLACTIC TREATMENT,,,,,,,,,,,,,,1
SODIUM PHENYLBUTYRATE,,,DRUGS USED IN METABOLIC DISORDERS,,,,,,LANREOTIDE,ACROMEGALY,,,,,,,,,,,,,,1
SODIUM THIOSULFATE,sodium thiosulfate,940004,DRUGS USED IN METABOLIC DISORDERS,,,,,,LANREOTIDE,CANCER,,,,,,,,,,,,,,1
SOFOSBUVIR + LEDIPASVIR +/- RIBAVIRIN,,,VIRAL HEPATITIS (B&C) & RESPIRATORY SYNCYTIAL VIRUS,,,,,,LANREOTIDE,CONGENITAL HYPERINSULINISM,,,,,,,,,,,,,,1
SOFOSBUVIR + PEGINTERFERON + RIBAVIRIN,,,VIRAL HEPATITIS (B&C) & RESPIRATORY SYNCYTIAL VIRUS,,,,,,LAPATINIB,CANCER,,,,,,,,,,,,,,1
SOFOSBUVIR + VELPATASVIR,,,VIRAL HEPATITIS (B&C) & RESPIRATORY SYNCYTIAL VIRUS,,,,,,,Breast cancer,,,,,,,,,,,,,,1
SOFOSBUVIR + VELPATASVIR + VOXILAPREVIR,,,VIRAL HEPATITIS (B&C) & RESPIRATORY SYNCYTIAL VIRUS,,,,,,L-ARGININE,UREA CYCLE DISORDERS,,,,,,,,,,,,,,1
SORAFENIB,sorafenib,1363387,CANCER EXCLUSION,,,,,,LARONIDASE,MUCOPOLYSACCHARIDOSIS,,,,,,,,,,,,,,1
SOTATERCEPT,,,VASODILATOR ANTIHYPERTENSIVE DRUGS/PULMONARY ARTERIAL HYPERTENSION,,,,,,LAROTRECTINIB,CANCER,,,,,,,,,,,,,,1
SOTORASIB,sotorasib,1536963,CANCER EXCLUSION,,,,,,,NTRK fusion positive solid tumours,,,,,,,,,,,,,,1
STAVUDINE,stavudine,1781406,AIDS/HIV ANTIRETROVIRALS,,,,,,LEBRIKIZUMAB,ASTHMA,,,,,,,,,,,,,,1
STRIMVELIS,,,ATMP,,,,,,LEBRIKIZUMAB,MODERATE TO SEVERE ATOPIC DERMATITIS - PAEDIATRICS,,,,,,,,,,,,,,1
AUTOLOGOUS CD34+ ENRICHED CELL FRACTION THAT CONTAINS CD34+ CELLS TRANSDUCED WITH RETROVIRAL VECTOR THAT ENCODES FOR THE HUMAN ADA cDNA SEQUENCE,,,,,,,,,LENABASUM (ANABASUM),SCLERODERMA,,,,,,,,,,,,,,1
SUCROFERRIC OXYHYDROXIDE,sucroferric oxyhydroxide,44785066,PHOSPHATE BINDING AGENTS,,,,,,LENACAPAVIR,HIV IN COMBINATION WITH OTHER ANTI-RETROVIRAL DRUGS,,,,,,,,,,,,,,1
SUNITINIB,sunitinib,1336539,CANCER EXCLUSION,,,,,,LENADOGENE NOLPARVOVEC,LEBER HEREDITARY OPTIC NEUROPATHY ,,,,,,,,,,,,,,1
SUSOCTOCOG ALFA,,,BLOOD-RELATED PRODUCTS,,,,,,LENALIDOMIDE,CANCER,,,,,,,,,,,,,,1
(FACTOR VIII - porcine recombinant),,,,,,,,,,Follicular lymphoma,,,,,,,,,,,,,,1
SUTIMLIMAB,sutimlimab,1758949,BLOOD-RELATED PRODUCTS,,,,,,LENALIDOMIDE,CANCER,,,,,,,,,,,,,,1
TABELECLEUCEL,,,ATMP,,,,,,,MDS,,,,,,,,,,,,,,1
TACROLIMUS,tacrolimus,950637,CORTICOSTEROIDS AND OTHER IMMUNOSUPPRESSANTS,,,,,,LENALIDOMIDE,CANCER,,,,,,,,,,,,,,1
TADALAFIL,tadalafil,1336926,VASODILATOR ANTIHYPERTENSIVE DRUGS/PULMONARY ARTERIAL HYPERTENSION,,,,,,,MM,,,,,,,,,,,,,,1
TAFAMIDIS,tafamidis,45774701,NEURODEGENERATIVE CONDITIONS,,,,,,LENALIDOMIDE,CANCER,,,,,,,,,,,,,,1
TAFASITAMAB,tafasitamab,37002368,CANCER EXCLUSION,,,,,,,MM,,,,,,,,,,,,,,1
TAGRAXOFUSP,tagraxofusp,1356361,CANCER EXCLUSION,,,,,,LENALIDOMIDE,CANCER,,,,,,,,,,,,,,1
TALAZOPARIB,talazoparib,35201068,CANCER EXCLUSION,,,,,,,MM,,,,,,,,,,,,,,1
TALIMOGENE LAHERPAREPVEC,,,ATMP,,,,,,LENALIDOMIDE,CANCER,,,,,,,,,,,,,,1
TASONERMIN,tasonermin,19071159,CANCER EXCLUSION,,,,,,,MM,,,,,,,,,,,,,,1
TEBENTAFUSP,tebentafusp,1758886,CANCER EXCLUSION,,,,,,LENALIDOMIDE,CANCER,,,,,,,,,,,,,,1
TECLISTAMAB,,,CANCER EXCLUSION,,,,,,,MM,,,,,,,,,,,,,,1
TEDUGLUTIDE,teduglutide,43013171,CYTOKINE MODULATORS,,,,,,LENALIDOMIDE,CANCER,,,,,,,,,,,,,,1
TELBIVUDINE,telbivudine,1758392,VIRAL HEPATITIS (B&C) & RESPIRATORY SYNCYTIAL VIRUS,,,,,,,MM,,,,,,,,,,,,,,1
TELOTRISTAT,telotristat,1592537,ANTIDIARRHEAL AGENT,,,,,,LENALIDOMIDE,CANCER,,,,,,,,,,,,,,1
TEMOZOLOMIDE,temozolomide,1341149,CANCER EXCLUSION,,,,,,,MM,,,,,,,,,,,,,,1
TEMSIROLIMUS,temsirolimus,19092845,CANCER EXCLUSION,,,,,,LENALIDOMIDE,POEMS,,,,,,,,,,,,,,1
TENOFOVIR,tenofovir,19011093,AIDS/HIV ANTIRETROVIRALS,,,,,,LENIOLISIB,PHOSPHOINOSITIDE 3-KINASE DELTA SYNDROME,,,,,,,,,,,,,,1
TENOFOVIR ALAFENAMIDE,tenofovir alafenamide,35605546,AIDS/HIV ANTIRETROVIRALS,,,,,,LENVATINIB,CANCER,,,,,,,,,,,,,,1
TENOFOVIR DISOPROXIL,tenofovir disoproxil,1710281,AIDS/HIV ANTIRETROVIRALS,,,,,,,Endometrial cancer,,,,,,,,,,,,,,1
TEPOTINIB,tepotinib,739739,CANCER EXCLUSION,,,,,,LENVATINIB,CANCER,,,,,,,,,,,,,,1
TEPRASIRAN,,,RENAL TRANSPLANTATION,,,,,,,Hepatocellular carcinoma,,,,,,,,,,,,,,1
TEPROTUMUMAB,,,IMMUNOMODULATING DRUGS,,,,,,LENVATINIB,CANCER,,,,,,,,,,,,,,1
TERIFLUNOMIDE,teriflunomide,42900584,IMMUNOMODULATING DRUGS,,,,,,,Renal cell carcinoma,,,,,,,,,,,,,,1
TEZACAFTOR + IVACAFTOR,,,POTENTIATOR OF THE CFTR PROTEIN,,,,,,LENVATINIB,CANCER,,,,,,,,,,,,,,1
TEZEPELUMAB,tezepelumab,702498,ALLERGEN IMMUNOTHERAPY,,,,,,,Renal cell carcinoma,,,,,,,,,,,,,,1
THALIDOMIDE,thalidomide,19137042,CANCER EXCLUSION,,,,,,LENVATINIB,CANCER,,,,,,,,,,,,,,1
"THROMBOMODULIN, RECOMBINANT HUMAN",,,FIBRINOLYTICS,,,,,,,Thyroid cancer,,,,,,,,,,,,,,1
TIDEGLUSIB,,,NEUROMUSCULAR DISORDERS,,,,,,LERIGLITAZONE,ADRENOMYELONEUROPTHY (AMN) IN MALE ADULTS,,,,,,,,,,,,,,1
TIPRANAVIR,tipranavir,1736999,AIDS/HIV ANTIRETROVIRALS,,,,,,LERONLIMAB,HIV IN COMBINATION WITH OTHER ANTI-RETROVIRAL DRUGS,,,,,,,,,,,,,,1
TISAGENLECLEUCEL,tisagenlecleucel,792737,ATMP,,,,,,LETERMOVIR,CYTOMEGALOVIRUS,,,,,,,,,,,,,,1
TIVOZANIB,tivozanib,36026750,CANCER EXCLUSION,,,,,,LETETRESGENE AUTOLEUCEL,CANCER,,,,,,,,,,,,,,1
TOBRAMYCIN,tobramycin,902722,ANTIBACTERIAL DRUGS,,,,,,,Sarcoma,,,,,,,,,,,,,,1
TOCILIZUMAB,tocilizumab,40171288,CYTOKINE MODULATORS,,,,,,LEVODOPA + CARBIDOPA + ENTACAPONE (INTESTINAL GEL),PARKINSON'S DISEASE,,,,,,,,,,,,,,1
TOFACITINIB,tofacitinib,42904205,DRUGS AFFECTING THE IMMUNE RESPONSE,,,,,,LEVODOPA + CARBIDOPA INTESTINAL GEL,PARKINSON'S DISEASE,,,,,,,,,,,,,,1
TOFERSEN SODIUM,,,CENTRAL NERVOUS SYSTEM,,,,,,LEVOFLOXACIN (INHALED),CYSTIC FIBROSIS,,,,,,,,,,,,,,1
TOLVAPTAN,tolvaptan,19036797,POSTERIOR PITUITARY HORMONES AND ANTAGONISTS,,,,,,LEVOKETOCONAZOLE,CUSHING'S DISEASE,,,,,,,,,,,,,,1
TRABECTEDIN,trabectedin,35603017,CANCER EXCLUSION,,,,,,LIFILEUCEL,CANCER,,,,,,,,,,,,,,1
TRALOKINUMAB,tralokinumab,1758687,ALLERGEN IMMUNOTHERAPY,,,,,,LIPOSOMAL CYTARABINE-DAUNORUBICIN ,CANCER,,,,,,,,,,,,,,1
TRAMETINIB,trametinib,43532497,CANCER EXCLUSION,,,,,,,AML,,,,,,,,,,,,,,1
TRASTUZUMAB,trastuzumab,1387104,CANCER EXCLUSION,,,,,,LISOCABTAGENE MARALEUCEL,CANCER,,,,,,,,,,,,,,1
TRASTUZUMAB DERUXTECAN,,,CANCER EXCLUSION,,,,,,,NHL,,,,,,,,,,,,,,1
TRASTUZUMAB EMTANSINE,,,CANCER EXCLUSION,,,,,,LOMITAPIDE,HOMOZYGOUS FAMILIAL HYPERCHOLESTEROLAEMIA,,,,,,,,,,,,,,1
TREOSULFAN,treosulfan,19042545,CANCER EXCLUSION,,,,,,LONAFARNIB,PROGERIA AND PROGEROID LAMINOPATHIES,,,,,,,,,,,,,,1
TREPROSTINIL SODIUM,,,VASODILATOR ANTIHYPERTENSIVE DRUGS/PULMONARY ARTERIAL HYPERTENSION,,,,,,LONCASTUXIMAB,CANCER,,,,,,,,,,,,,,1
TRIENTINE,trientine,19004969,DRUGS USED IN METABOLIC DISORDERS,,,,,,,B-cell lymphoma,,,,,,,,,,,,,,1
TRIFLURIDINE-TIPIRACIL,,,CANCER EXCLUSION,,,,,,LONOCTOCOG ALFA,HAEMOPHILIA A,,,,,,,,,,,,,,1
TRIHEPTANOIN,triheptanoin,42903571,DRUGS USED IN METABOLIC DISORDERS,,,,,,(FACTOR VIII - recombinant),,,,,,,,,,,,,,,1
TUCATINIB,tucatinib,1145571,CANCER EXCLUSION,,,,,,LOPINAVIR,HIV IN COMBINATION WITH OTHER ANTI-RETROVIRAL DRUGS,,,,,,,,,,,,,,1
TUROCTOCOG ALFA,,,BLOOD-RELATED PRODUCTS,,,,,,LORLATINIB,CANCER,,,,,,,,,,,,,,1
TUROCTOCOG ALFA PEGOL,,,BLOOD-RELATED PRODUCTS,,,,,,,Lung cancer,,,,,,,,,,,,,,1
UBLITUXIMAB,,,IMMUNOMODULATING DRUGS,,,,,,LORLATINIB,CANCER,,,,,,,,,,,,,,1
UPADACITINIB,upadacitinib,1361580,DRUGS AFFECTING THE IMMUNE RESPONSE,,,,,,,Lung cancer,,,,,,,,,,,,,,1
URIDINE TRIACETATE,uridine triacetate,46287389,CANCER EXCLUSION,,,,,,LUMACAFTOR + IVACAFTOR,CYSTIC FIBROSIS,,,,,,,,,,,,,,1
USTEKINUMAB,ustekinumab,40161532,CYTOKINE MODULATORS,,,,,,LUMACAFTOR + IVACAFTOR,CYSTIC FIBROSIS,,,,,,,,,,,,,,1
VADADUSTAT,,,"DRUGS USED IN HYPOPLASTIC, HAEMOLYTIC, AND RENAL ANAEMIAS",,,,,,LUMASIRAN,PRIMARY HYPEROXALURIA,,,,,,,,,,,,,,1
VALOCTOCOGENE ROXAPARVOVEC,,,ATMP,,,,,,LUSPATERCEPT,CANCER,,,,,,,,,,,,,,1
VAMOROLONE,,,NEUROMUSCULAR DISORDERS,,,,,,LUTETIUM (177Lu) OXODOTREOTIDE ,CANCER,,,,,,,,,,,,,,1
VANDETANIB,vandetanib,40238052,CANCER EXCLUSION,,,,,,,NET,,,,,,,,,,,,,,1
VATIQUINONE,,,NEURODEGENERATIVE CONDITIONS,,,,,,LUTETIUM (177Lu) VIPIVOTIDE TETRAXETAN,CANCER,,,,,,,,,,,,,,1
VEDOLIZUMAB,vedolizumab,45774639,CYTOKINE MODULATORS,,,,,,,Prostate cancer,,,,,,,,,,,,,,1
VELAGLUCERASE ALFA,velaglucerase alfa,40174604,LYSOSOMAL STORAGE DISORDER DRUGS,,,,,,MACITENTAN,PULMONARY ARTERIAL HYPERTENSION,,,,,,,,,,,,,,1
VELMANASE ALFA,,,DRUGS USED TO TREAT ALPHA MANNOSIDOSIS,,,,,,MANNITOL (INHALED),CYSTIC FIBROSIS,,,,,,,,,,,,,,1
VEMURAFENIB,vemurafenib,40241937,CANCER EXCLUSION,,,,,,MANNITOL (INHALED),CYSTIC FIBROSIS,,,,,,,,,,,,,,1
VENETOCLAX,venetoclax,35604205,CANCER EXCLUSION,,,,,,MARALIXIBAT,ALAGILLE SYNDROME,,,,,,,,,,,,,,1
VESTRONIDASE ALFA,vestronidase alfa,793066,LYSOSOMAL STORAGE DISORDER DRUGS,,,,,,MARAVIROC,HIV IN COMBINATION WITH OTHER ANTI-RETROVIRAL DRUGS,,,,,,,,,,,,,,1
VISMODEGIB,vismodegib,42709321,CANCER EXCLUSION,,,,,,MARAVIROC,NATALIZUMAB INDUCED PML,,,,,,,,,,,,,,1
VOCLOSPORIN,voclosporin,739590,DRUGS AFFECTING THE IMMUNE RESPONSE,,,,,,MARIBAVIR,CYTOMEGALOVIRUS,,,,,,,,,,,,,,1
VOLANESORSEN,,,LIPID-REGULATING DRUGS,,,,,,MARNETEGRAGENE AUTOTEMCEL,LEUKOCYTE ADHESION DEFICIENCY-1,,,,,,,,,,,,,,1
VON WILLEBRAND FACTOR,,,BLOOD-RELATED PRODUCTS,,,,,,MARSTACIMAB,HAEMOPHILIA A AND B,,,,,,,,,,,,,,1
(VON WILLEBRAND FACTOR - plasma derived),,,,,,,,,MASITINIB,CANCER,,,,,,,,,,,,,,1
VONICOG ALFA,vonicog alfa,1718111,BLOOD-RELATED PRODUCTS,,,,,,MAVACAMTEN,SYMPTOMATIC HYPERTROPHIC CARDIOMYOPATHY,,,,,,,,,,,,,,1
(VON WILLEBRAND FACTOR - recombinant),,,,,,,,,MECASERMIN,GROWTH FAILURE,,,,,,,,,,,,,,1
VORETIGENE NEPARVOVEC,voretigene neparvovec,793440,ATMP,,,,,,MEPOLIZUMAB,"ASTHMA, EOSINOPHILIC ASTHMA",,,,,,,,,,,,,,1
VORICONAZOLE,voriconazole,1714277,ANTIFUNGALS,,,,,,MERCAPTAMINE HCL VISCOUS EYEDROPS,CORNEAL CYSTINE DEPOSITS,,,,,,,,,,,,,,1
VOSORITIDE,vosoritide,702318,ACHONDROPLASIA,,,,,,MESENCHYMAL STEM CELLS ,ACUTE GVHD AND OTHER INDICATIONS (BCSH),,,,,,,,,,,,,,1
VUTRISIRAN,,,DRUGS FOR AMYLOIDOSIS,,,,,,METRELEPTIN ,CONGENITAL LEPTIN DEFICIENCY,,,,,,,,,,,,,,1
ZANUBRUTINIB,zanubrutinib,37497691,PROTEIN KINASE INHIBITORS,,,,,,METRELEPTIN ,DYSLIPIDAEMIA,,,,,,,,,,,,,,1
ZIDOVUDINE,zidovudine,1710612,AIDS/HIV ANTIRETROVIRALS,,,,,,METRELEPTIN ,LIPODYSTROPHY,,,,,,,,,,,,,,1
ZILUCOPLAN,,,NEUROMUSCULAR DISORDERS,,,,,,MEXILETINE,NON-DYSTROPHIC MYOTONIC DISORDERS,,,,,,,,,,,,,,1
,,,,,,,,,MICAFUNGIN,FUNGAL INFECTION,,,,,,,,,,,,,,
,,,,,,,,,MIDOSTAURIN,CANCER,,,,,,,,,,,,,,
,,,,,,,,,,AML,,,,,,,,,,,,,,
,,,,,,,,,MIDOSTAURIN,CANCER,,,,,,,,,,,,,,
,,,,,,,,,,Mastocytosis,,,,,,,,,,,,,,
,,,,,,,,,MIFAMURTIDE,CANCER,,,,,,,,,,,,,,
,,,,,,,,,,Osteosarcoma,,,,,,,,,,,,,,
,,,,,,,,,MIGALASTAT,FABRY'S DISEASE,,,,,,,,,,,,,,
,,,,,,,,,MIGLUSTAT,GLYCOGEN STORAGE DISEASE TYPE II (POMPE DISEASE),,,,,,,,,,,,,,
,,,,,,,,,MIGLUSTAT,GAUCHER'S DISEASE/ NIEMANN-PICK,,,,,,,,,,,,,,
,,,,,,,,,MITAPIVAT,PYRUVATE KINASE DEFICIENCY,,,,,,,,,,,,,,
,,,,,,,,,MOBOCERTINIB,CANCER,,,,,,,,,,,,,,
,,,,,,,,,,Lung cancer,,,,,,,,,,,,,,
,,,,,,,,,MOGAMULIZUMAB,MYCOSIS FUNGOIDES,,,,,,,,,,,,,,
,,,,,,,,,MOMELOTINIB,CANCER,,,,,,,,,,,,,,
,,,,,,,,,,Myelofibrosis-related splenomegaly or symptoms,,,,,,,,,,,,,,
,,,,,,,,,MOROCTOCOG ALFA,HAEMOPHILIA A,,,,,,,,,,,,,,
,,,,,,,,,(FACTOR VIII - recombinant),,,,,,,,,,,,,,,
,,,,,,,,,MOSUNETUZUMAB,CANCER,,,,,,,,,,,,,,
,,,,,,,,,,Follicular lymphoma,,,,,,,,,,,,,,
,,,,,,,,,MOZAFANCOGENE AUTOTEMCEL,FANCONI ANAEMA,,,,,,,,,,,,,,
,,,,,,,,,MYCOPHENOLATE MOFETIL,KIDNEY TRANSPLANT - ADULTS,,,,,,,,,,,,,,
,,,,,,,,,MYCOPHENOLATE MOFETIL,KIDNEY TRANSPLANT - CHILDREN & YOUNG PEOPLE,,,,,,,,,,,,,,
,,,,,,,,,MYCOPHENOLATE MOFETIL,TRANSPLANT IMMUNOSUPPRESSION ONLY  - ADULTS,,,,,,,,,,,,,,
,,,,,,,,,MYCOPHENOLATE MOFETIL,TRANSPLANT IMMUNOSUPPRESSION ONLY  - CHILDREN & YOUNG PEOPLE,,,,,,,,,,,,,,
,,,,,,,,,MYCOPHENOLIC ACID (sodium salt),KIDNEY TRANSPLANT - ADULTS,,,,,,,,,,,,,,
,,,,,,,,,MYCOPHENOLIC ACID (sodium salt),KIDNEY TRANSPLANT - CHILDREN & YOUNG PEOPLE,,,,,,,,,,,,,,
,,,,,,,,,MYCOPHENOLIC ACID (sodium salt),TRANSPLANT IMMUNOSUPPRESSION ONLY  - ADULTS,,,,,,,,,,,,,,
,,,,,,,,,MYCOPHENOLIC ACID (sodium salt),TRANSPLANT IMMUNOSUPPRESSION ONLY  - CHILDREN & YOUNG PEOPLE,,,,,,,,,,,,,,
,,,,,,,,,NAB-PACLITAXEL - ALBUMIN BOUND PACLITAXEL (WITH ATEZOLIZUMAB),CANCER,Breast cancer,,,,,,,,,,,,,
,,,,,,,,,,,,,,,,,,,,,,,,
,,,,,,,,,NAB-PACLITAXEL - ALBUMIN BOUND PACLITAXEL (WITH GEMCITABINE),CANCER,Pancreatic cancer,,,,,,,,,,,,,
,,,,,,,,,,,,,,,,,,,,,,,,
,,,,,,,,,NADOFARANGENE FIRADENOVEC,CANCER,Bladder cancer,,,,,,,,,,,,,
,,,,,,,,,,,,,,,,,,,,,,,,
,,,,,,,,,NARSOPLIMAB,HAEMATOPOIETIC STEM CELL TRANSPLANT-RELATED THROMBOTIC MICROANGIOPATHY (HSCT-TMA),,,,,,,,,,,,,,
,,,,,,,,,NATALIZUMAB,MULTIPLE SCLEROSIS,,,,,,,,,,,,,,
,,,,,,,,,,,,,,,,,,,,,,,,
,,,,,,,,,NAVITOCLAX,MYELOFIBROSIS,,,,,,,,,,,,,,
,,,,,,,,,NECITUMUMAB,CANCER,Lung cancer,,,,,,,,,,,,,
,,,,,,,,,,,,,,,,,,,,,,,,
,,,,,,,,,NEDOSIRAN,HYPEROXALURIA,,,,,,,,,,,,,,
,,,,,,,,,NELARABINE,CANCER,ALL/NHL,,,,,,,,,,,,,
,,,,,,,,,,,,,,,,,,,,,,,,
,,,,,,,,,NELFINAVIR,HIV IN COMBINATION WITH OTHER ANTI-RETROVIRAL DRUGS,,,,,,,,,,,,,,
,,,,,,,,,NERATINIB,CANCER,Breast cancer,,,,,,,,,,,,,
,,,,,,,,,,,,,,,,,,,,,,,,
,,,,,,,,,NEVIRAPINE,HIV IN COMBINATION WITH OTHER ANTI-RETROVIRAL DRUGS,,,,,,,,,,,,,,
,,,,,,,,,NEXOBRID (BROMELAIN),,,,,,,,,,,,,,,
,,,,,,,,,NICARDIPINE - INTRACRANIAL IMPLANT,SUBARACHNOID HAEMORRHAGE,,,,,,,,,,,,,,
,,,,,,,,,NILOTINIB,CANCER,CML,,,,,,,,,,,,,
,,,,,,,,,,,,,,,,,,,,,,,,
,,,,,,,,,,,,,,,,,,,,,,,,
,,,,,,,,,,,,,,,,,,,,,,,,
,,,,,,,,,NINTEDANIB,CANCER,Lung cancer,IDIOPATHIC PULMONARY FIBROSIS,PROGESSIVE FIBROSING INTERSTITIAL LUNG DISEASES ,,,,,,,,,,,
,,,,,,,,,,,,,,,,,,,,,,,,
,,,,,,,,,,,,,,,,,,,,,,,,
,,,,,,,,,,,,,,,,,,,,,,,,
,,,,,,,,,,,,,,,,,,,,,,,,
,,,,,,,,,NIRAPARIB,CANCER,"Ovarian, fallopian tube and peritoneal cancer",,,,,,,,,,,,,
,,,,,,,,,,,,,,,,,,,,,,,,
,,,,,,,,,,,,,,,,,,,,,,,,
,,,,,,,,,,,,,,,,,,,,,,,,
,,,,,,,,,NIRSEVIMAB,RSV PROPHYLAXIS,,,,,,,,,,,,,,
,,,,,,,,,NITAZOXANIDE,HEPATITIS C,,,,,,,,,,,,,,
,,,,,,,,,NITISINONE,ALKAPTONURIA,,,,,,,,,,,,,,
,,,,,,,,,NITISINONE,TYROSINAEMIA,,,,,,,,,,,,,,
,,,,,,,,,NITRIC OXIDE,PULMONARY ARTERIAL HYPERTENSION,,,,,,,,,,,,,,
,,,,,,,,,NIVOLUMAB ,CANCER,Colorectal cancer,"Gastric, gastro-oesophageal or oesophageal carcinoma",Head and neck cancer,Hodgkin lymphoma,Lung cancer,Melanoma,Mesothelioma,,Oesophageal carcinoma,Renal cell carcinoma,,,,
,,,,,,,,,,,,,,,,,,,,,,,,
,,,,,,,,,,,,,,,,,,,,,,,,
,,,,,,,,,,,,,,,,,,,,,,,,
,,,,,,,,,,,,,,,,,,,,,,,,
,,,,,,,,,,,,,,,,,,,,,,,,
,,,,,,,,,,,,,,,,,,,,,,,,
,,,,,,,,,,,,,,,,,,,,,,,,
,,,,,,,,,,,,,,,,,,,,,,,,
,,,,,,,,,,,,,,,,,,,,,,,,
,,,,,,,,,,,,,,,,,,,,,,,,
,,,,,,,,,,,,,,,,,,,,,,,,
,,,,,,,,,,,,,,,,,,,,,,,,
,,,,,,,,,,,,,,,,,,,,,,,,
,,,,,,,,,,,,,,,,,,,,,,,,
,,,,,,,,,,,,,,,,,,,,,,,,
,,,,,,,,,,,,,,,,,,,,,,,,
,,,,,,,,,,,,,,,,,,,,,,,,
,,,,,,,,,,,,,,,,,,,,,,,,
,,,,,,,,,,,,,,,,,,,,,,,,
,,,,,,,,,,,,,,,,,,,,,,,,
,,,,,,,,,,,,,,,,,,,,,,,,
,,,,,,,,,,,,,,,,,,,,,,,,
,,,,,,,,,,,,,,,,,,,,,,,,
,,,,,,,,,,,,,,,,,,,,,,,,
,,,,,,,,,,,,,,,,,,,,,,,,
,,,,,,,,,,,,,,,,,,,,,,,,
,,,,,,,,,,,,,,,,,,,,,,,,
,,,,,,,,,,,,,,,,,,,,,,,,
,,,,,,,,,,,,,,,,,,,,,,,,
,,,,,,,,,,,,,,,,,,,,,,,,
,,,,,,,,,,,,,,,,,,,,,,,,
,,,,,,,,,,,,,,,,,,,,,,,,
,,,,,,,,,,,,,,,,,,,,,,,,
,,,,,,,,,,,,,,,,,,,,,,,,
,,,,,,,,,,,,,,,,,,,,,,,,
,,,,,,,,,,,,,,,,,,,,,,,,
,,,,,,,,,,,,,,,,,,,,,,,,
,,,,,,,,,NIVOLUMAB ,CANCER,,,,,,,,,,,,,,
,,,,,,,,,,,,,,,,,,,,,,,,
,,,,,,,,,NIVOLUMAB ,CANCER,,,,,,,,,,,,,,
,,,,,,,,,,Urothelial carcinoma,,,,,,,,,,,,,,
,,,,,,,,,NONACOG ALFA,HAEMOPHILIA B,,,,,,,,,,,,,,
,,,,,,,,,(FACTOR IX - recombinant) ,,,,,,,,,,,,,,,
,,,,,,,,,NONACOG BETA PEGOL,HAEMOPHILIA B,,,,,,,,,,,,,,
,,,,,,,,,(FACTOR IX - recombinant) ,,,,,,,,,,,,,,,
,,,,,,,,,NONACOG GAMMA,HAEMOPHILIA B,,,,,,,,,,,,,,
,,,,,,,,,(FACTOR IX - recombinant) ,,,,,,,,,,,,,,,
,,,,,,,,,NUSINERSEN,SPINAL MUSCULAR ATROPHY,,,,,,,,,,,,,,
,,,,,,,,,OBECABTAGENE AUTOLEUCEL,CANCER,,,,,,,,,,,,,,
,,,,,,,,,,ALL,,,,,,,,,,,,,,
,,,,,,,,,OBETICHOLIC ACID,PRIMARY BILIARY CHOLANGITIS,,,,,,,,,,,,,,
,,,,,,,,,OBILTOXAXIMAB,ANTHRAX,,,,,,,,,,,,,,
,,,,,,,,,OBINUTUZUMAB,CANCER,,,,,,,,,,,,,,
,,,,,,,,,,DLBCL,,,,,,,,,,,,,,
,,,,,,,,,OBINUTUZUMAB,CANCER,,,,,,,,,,,,,,
,,,,,,,,,,CLL,,,,,,,,,,,,,,
,,,,,,,,,OBINUTUZUMAB,CANCER,,,,,,,,,,,,,,
,,,,,,,,,,CLL,,,,,,,,,,,,,,
,,,,,,,,,OBINUTUZUMAB,CANCER,,,,,,,,,,,,,,
,,,,,,,,,,Follicular lymphoma,,,,,,,,,,,,,,
,,,,,,,,,OBINUTUZUMAB,CANCER,,,,,,,,,,,,,,
,,,,,,,,,,Follicular lymphoma,,,,,,,,,,,,,,
,,,,,,,,,OBINUTUZUMAB,THROMBOTIC THROMBOCYTOPENIC PURPURA ,,,,,,,,,,,,,,
,,,,,,,,,OBINUTUZUMAB,SYSTEMIC LUPUS ERYTHEMATOSUS (SLE),,,,,,,,,,,,,,
,,,,,,,,,OCRELIZUMAB,MULTIPLE SCLEROSIS,,,,,,,,,,,,,,
,,,,,,,,,OCRELIZUMAB,MULTIPLE SCLEROSIS,,,,,,,,,,,,,,
,,,,,,,,,OCTOCOG ALFA,HAEMOPHILIA A,,,,,,,,,,,,,,
,,,,,,,,,(FACTOR VIII - recombinant),,,,,,,,,,,,,,,
,,,,,,,,,OCTREOLIN,ACROMEGALY,,,,,,,,,,,,,,
,,,,,,,,,OCTREOTIDE,ACROMEGALY,,,,,,,,,,,,,,
,,,,,,,,,OCTREOTIDE,CANCER,,,,,,,,,,,,,,
,,,,,,,,,OCTREOTIDE,CONGENITAL HYPERINSULINISM,,,,,,,,,,,,,,
,,,,,,,,,ODEVIXIBAT,PROGRESSIVE FAMILIAL INTRAHEPATIC CHOLESTASIS,,,,,,,,,,,,,,
,,,,,,,,,OFATUMUMAB,MULTIPLE SCLEROSIS,,,,,,,,,,,,,,
,,,,,,,,,OLAPARIB,CANCER,,,,,,,,,,,,,,
,,,,,,,,,,Breast cancer,,,,,,,,,,,,,,
,,,,,,,,,OLAPARIB,CANCER,,,,,,,,,,,,,,
,,,,,,,,,,Prostate cancer,,,,,,,,,,,,,,
,,,,,,,,,OLAPARIB,CANCER,,,,,,,,,,,,,,
,,,,,,,,,,Prostate cancer,,,,,,,,,,,,,,
,,,,,,,,,OLAPARIB,CANCER,,,,,,,,,,,,,,
,,,,,,,,,,Breast cancer,,,,,,,,,,,,,,
,,,,,,,,,OLAPARIB,CANCER,,,,,,,,,,,,,,
,,,,,,,,,,"Ovarian, fallopian tube and peritoneal cancer",,,,,,,,,,,,,,
,,,,,,,,,OLAPARIB,CANCER,,,,,,,,,,,,,,
,,,,,,,,,,"Ovarian, fallopian tube and peritoneal cancer",,,,,,,,,,,,,,
,,,,,,,,,OLAPARIB,CANCER,,,,,,,,,,,,,,
,,,,,,,,,,"Ovarian, fallopian tube and peritoneal cancer",,,,,,,,,,,,,,
,,,,,,,,,OLAPARIB,CANCER,,,,,,,,,,,,,,
,,,,,,,,,,Pancreatic cancer,,,,,,,,,,,,,,
,,,,,,,,,OLAPARIB,CANCER,,,,,,,,,,,,,,
,,,,,,,,,,Prostate cancer,,,,,,,,,,,,,,
,,,,,,,,,OLENASUFLIGENE RELDUPARVOVEC,MUCOPOLYSACCHARIDOSIS,,,,,,,,,,,,,,
,,,,,,,,,OLIPUDASE ALFA,ACID SPHINGOMYELINASE DEFICIENCY ,,,,,,,,,,,,,,
,,,,,,,,,OMALIZUMAB,ASTHMA,,,,,,,,,,,,,,
,,,,,,,,,OMBITASVIR + PARITAPREVIR+ RITONAVIR + DASABUVIR + RIBAVIRIN,HEPATITIS C,,,,,,,,,,,,,,
,,,,,,,,,ONASEMNOGENE ABEPARVOVEC,SPINAL MUSCULAR ATROPHY,,,,,,,,,,,,,,
,,,,,,,,,ONASEMNOGENE ABEPARVOVEC,SPINAL MUSCULAR ATROPHY,,,,,,,,,,,,,,
,,,,,,,,,OSILODROSTAT,CUSHING'S DISEASE,,,,,,,,,,,,,,
,,,,,,,,,OSIMERTINIB,CANCER,,,,,,,,,,,,,,
,,,,,,,,,,Lung cancer,,,,,,,,,,,,,,
,,,,,,,,,OSIMERTINIB,CANCER,,,,,,,,,,,,,,
,,,,,,,,,,Lung cancer,,,,,,,,,,,,,,
,,,,,,,,,OSIMERTINIB,CANCER,,,,,,,,,,,,,,
,,,,,,,,,,Lung cancer,,,,,,,,,,,,,,
,,,,,,,,,OSTEOCHONDRAL ALLOGRAFT,OSTEOCHONDRAL LESIONS KNEE,,,,,,,,,,,,,,
,,,,,,,,,OZANIMOD,MULTIPLE SCLEROSIS,,,,,,,,,,,,,,
,,,,,,,,,PACRITINIB,MYELOFIBROSIS,,,,,,,,,,,,,,
,,,,,,,,,PALBOCICLIB,CANCER,,,,,,,,,,,,,,
,,,,,,,,,,Breast cancer,,,,,,,,,,,,,,
,,,,,,,,,PALBOCICLIB,CANCER,,,,,,,,,,,,,,
,,,,,,,,,,Breast cancer,,,,,,,,,,,,,,
,,,,,,,,,PALIVIZUMAB,RSV PROPHYLAXIS,,,,,,,,,,,,,,
,,,,,,,,,PALOPEGTERIPARATIDE,HYPOPARATHYROIDISM ,,,,,,,,,,,,,,
,,,,,,,,,PALOVAROTENE,FYBRODYSPLASIA OSSIFICANS PROGRESSIVA,,,,,,,,,,,,,,
,,,,,,,,,PANITUMUMAB,CANCER,,,,,,,,,,,Urothelial cancer,,,Oesophageal cancer
,,,,,,,,,,Colorectal cancer,,,,,,,,,,,,,,
,,,,,,,,,PANITUMUMAB,CANCER,,,,,,,,,,,,,,
,,,,,,,,,,Colorectal cancer,,,,,,,,,,,,,,
,,,,,,,,,PANOBINOSTAT,CANCER,,,,,,,,,,,,,,
,,,,,,,,,,MM,,,,,,,,,,,,,,
,,,,,,,,,PARA-AMINOSALICYLIC ACID,MULTI DRUG RESISTANT TB,,,,,,,,,,,,,,
,,,,,,,,,PARATHYROID HORMONE,SPECIALIST ENDOCRINOLOGY CONDITIONS,,,,,,,,,,,,,,
,,,,,,,,,PARENTERAL NUTRITION (HOME USE),INTESTINAL FAILURE ,,,,,,,,,,,,,,
,,,,,,,,,PARENTERAL NUTRITION (HOME USE),INTESTINAL FAILURE ,,,,,,,,,,,,,,
,,,,,,,,,PARENTERAL NUTRITION (INPATIENT USE),INTESTINAL FAILURE; INADEQUATE/ UNSAFE ENTERAL FEEDING,,,,,,,,,,,,,,
,,,,,,,,,PARENTERAL NUTRITION (INPATIENT USE),INTESTINAL FAILURE; INADEQUATE/ UNSAFE ENTERAL FEEDING,,,,,,,,,,,,,,
,,,,,,,,,PARENTERAL NUTRITION (INPATIENT USE),INTESTINAL FAILURE; INADEQUATE/ UNSAFE ENTERAL FEEDING,,,,,,,,,,,,,,
,,,,,,,,,PARICALCITOL,HYPERPARATHYROIDISM ,,,,,,,,,,,,,,
,,,,,,,,,PARICALCITOL,HYPERPARATHYROIDISM ,,,,,,,,,,,,,,
,,,,,,,,,PARITAPREVIR ,HEPATITIS C,,,,,,,,,,,,,,
,,,,,,,,,PASIREOTIDE,ACROMEGALY,,,,,,,,,,,,,,
,,,,,,,,,PASIREOTIDE DIASPARTATE,CUSHING'S DISEASE,,,,,,,,,,,,,,
,,,,,,,,,PATISIRAN,AMYLOIDOSIS,,,,,,,,,,,,,,
,,,,,,,,,PAZOPANIB,CANCER,,,,,,,,,,,,,,
,,,,,,,,,,Granular cell tumour,,,,,,,,,,,,,,
,,,,,,,,,PAZOPANIB,CANCER,,,,,,,,,,,,,,
,,,,,,,,,,Renal cell carcinoma,,,,,,,,,,,,,,
,,,,,,,,,PEGASPARGASE,CANCER,,,,,,,,,,,,,,
,,,,,,,,,,ALL,,,,,,,,,,,,,,
,,,,,,,,,PEGBELFERMIN,ALCOHOLIC FATTY LIVER DISEASE,,,,,,,,,,,,,,
,,,,,,,,,PEGCETACOPLAN,PAROXYSMAL NOCTURNAL HAEMOGLOBINURIA,,,,,,,,,,,,,,
,,,,,,,,,PEGINTERFERON ALFA,HEPATITIS B,,,,,,,,,,,,,,
,,,,,,,,,PEGINTERFERON ALFA,HEPATITIS B,,,,,,,,,,,,,,
,,,,,,,,,PEGINTERFERON ALFA,HEPATITIS C,,,,,,,,,,,,,,
,,,,,,,,,PEGINTERFERON ALFA,HEPATITIS C,,,,,,,,,,,,,,
,,,,,,,,,PEGINTERFERON ALFA,HEPATITIS C,,,,,,,,,,,,,,
,,,,,,,,,PEGINTERFERON ALFA,HEPATITIS C,,,,,,,,,,,,,,
,,,,,,,,,PEGINTERFERON ALFA,HEPATITIS C,,,,,,,,,,,,,,
,,,,,,,,,PEGINTERFERON BETA-1A,MULTIPLE SCLEROSIS,,,,,,,,,,,,,,
,,,,,,,,,PEGINTERFERON BETA-1A,MULTIPLE SCLEROSIS,,,,,,,,,,,,,,
,,,,,,,,,PEGUNIGALSIDASE ALFA,FABRY'S DISEASE,,,,,,,,,,,,,,
,,,,,,,,,PEGVALIASE,PHENYLKETONURIA,,,,,,,,,,,,,,
,,,,,,,,,PEGVISOMANT,ACROMEGALY,,,,,,,,,,,,,,
,,,,,,,,,PEGYLATED LIPOSOMAL DOXORUBICIN,CANCER,,,,,,,,,,,,,,
,,,,,,,,,,Ovarian cancer,,,,,,,,,,,,,,
,,,,,,,,,PEGYLATED LIPOSOMAL DOXORUBICIN,CANCER,,,,,,,,,,,,,,
,,,,,,,,,,Sarcoma / Kaposi Sarcoma,,,,,,,,,,,,,,
,,,,,,,,,PEMBROLIZUMAB,CANCER,,,,,,,,,,,,,,
,,,,,,,,,,"Endometrial, biliary, colorectal, gastric or small intestine cancer",,,,,,,,,,,,,,
,,,,,,,,,PEMBROLIZUMAB,CANCER,,,,,,,,,,,,,,
,,,,,,,,,,Breast cancer,,,,,,,,,,,,,,
,,,,,,,,,PEMBROLIZUMAB,CANCER,,,,,,,,,,,,,,
,,,,,,,,,,Breast cancer,,,,,,,,,,,,,,
,,,,,,,,,PEMBROLIZUMAB,CANCER,,,,,,,,,,,,,,
,,,,,,,,,,Colorectal cancer,,,,,,,,,,,,,,
,,,,,,,,,PEMBROLIZUMAB,CANCER,,,,,,,,,,,,,,
,,,,,,,,,,Endometrial cancer,,,,,,,,,,,,,,
,,,,,,,,,PEMBROLIZUMAB,CANCER,,,,,,,,,,,,,,
,,,,,,,,,,Head and neck cancer,,,,,,,,,,,,,,
,,,,,,,,,PEMBROLIZUMAB,CANCER,,,,,,,,,,,,,,
,,,,,,,,,,Hodgkin lymphoma,,,,,,,,,,,,,,
,,,,,,,,,PEMBROLIZUMAB,CANCER,,,,,,,,,,,,,,
,,,,,,,,,,Hodgkin lymphoma,,,,,,,,,,,,,,
,,,,,,,,,PEMBROLIZUMAB,CANCER,,,,,,,,,,,,,,
,,,,,,,,,,Hodgkin lymphoma,,,,,,,,,,,,,,
,,,,,,,,,PEMBROLIZUMAB,CANCER,,,,,,,,,,,,,,
,,,,,,,,,,Lung cancer,,,,,,,,,,,,,,
,,,,,,,,,PEMBROLIZUMAB,CANCER,,,,,,,,,,,,,,
,,,,,,,,,,Lung cancer,,,,,,,,,,,,,,
,,,,,,,,,PEMBROLIZUMAB,CANCER,,,,,,,,,,,,,,
,,,,,,,,,,Lung cancer,,,,,,,,,,,,,,
,,,,,,,,,PEMBROLIZUMAB,CANCER,,,,,,,,,,,,,,
,,,,,,,,,,Lung cancer,,,,,,,,,,,,,,
,,,,,,,,,PEMBROLIZUMAB,CANCER,,,,,,,,,,,,,,
,,,,,,,,,,Melanoma,,,,,,,,,,,,,,
,,,,,,,,,PEMBROLIZUMAB,CANCER,,,,,,,,,,,,,,
,,,,,,,,,,Melanoma,,,,,,,,,,,,,,
,,,,,,,,,PEMBROLIZUMAB,CANCER,,,,,,,,,,,,,,
,,,,,,,,,,Melanoma,,,,,,,,,,,,,,
,,,,,,,,,PEMBROLIZUMAB,CANCER,,,,,,,,,,,,,,
,,,,,,,,,,Melanoma,,,,,,,,,,,,,,
,,,,,,,,,PEMBROLIZUMAB,CANCER,,,,,,,,,,,,,,
,,,,,,,,,,Gastric/ gastro-oesophageal junction cancer,,,,,,,,,,,,,,
,,,,,,,,,PEMBROLIZUMAB,CANCER,,,,,,,,,,,,,,
,,,,,,,,,,Gastric/ gastro-oesophageal junction cancer,,,,,,,,,,,,,,
,,,,,,,,,PEMBROLIZUMAB,CANCER,,,,,,,,,,,,,,
,,,,,,,,,,Oesophageal/gastro-oesophageal junction cancer,,,,,,,,,,,,,,
,,,,,,,,,PEMBROLIZUMAB,CANCER,,,,,,,,,,,,,,
,,,,,,,,,,Renal cell carcinoma,,,,,,,,,,,,,,
,,,,,,,,,PEMBROLIZUMAB,CANCER,,,,,,,,,,,,,,
,,,,,,,,,,Renal cell carcinoma,,,,,,,,,,,,,,
,,,,,,,,,PEMBROLIZUMAB,CANCER,,,,,,,,,,,,,,
,,,,,,,,,,Renal cell carcinoma,,,,,,,,,,,,,,
,,,,,,,,,PEMBROLIZUMAB,CANCER,,,,,,,,,,,,,,
,,,,,,,,,,Urothelial carcinoma,,,,,,,,,,,,,,
,,,,,,,,,PEMBROLIZUMAB,DRUG RESISTANT GESTATIONAL TROPHOBLASTIC NEOPLASIA,,,,,,,,,,,,,,
,,,,,,,,,PEMBROLIZUMAB,CANCER,,,,,,,,,,,,,,
,,,,,,,,,,Cervical cancer,,,,,,,,,,,,,,
,,,,,,,,,PEMETREXED,CANCER,,,,,,,,,,,,,,
,,,,,,,,,,Lung cancer,,,,,,,,,,,,,,
,,,,,,,,,PEMETREXED,CANCER,,,,,,,,,,,,,,
,,,,,,,,,,Lung cancer,,,,,,,,,,,,,,
,,,,,,,,,PEMETREXED,CANCER,,,,,,,,,,,,,,
,,,,,,,,,,Lung cancer,,,,,,,,,,,,,,
,,,,,,,,,PEMETREXED,CANCER,,,,,,,,,,,,,,
,,,,,,,,,,Lung cancer,,,,,,,,,,,,,,
,,,,,,,,,PEMETREXED,CANCER,,,,,,,,,,,,,,
,,,,,,,,,,Lung cancer,,,,,,,,,,,,,,
,,,,,,,,,PEMETREXED,CANCER,,,,,,,,,,,,,,
,,,,,,,,,,Mesothelioma,,,,,,,,,,,,,,
,,,,,,,,,PEMIGATINIB,CANCER,,,,,,,,,,,,,,
,,,,,,,,,,Cholangiocarcinoma,,,,,,,,,,,,,,
,,,,,,,,,PEPTIDE RECEPTOR RADIONUCLEOTIDE THERAPY,CANCER,,,,,,,,,,,,,,
,,,,,,,,,PERTUZUMAB,CANCER,,,,,,,,,,,,,,
,,,,,,,,,,Breast cancer,,,,,,,,,,,,,,
,,,,,,,,,PERTUZUMAB,CANCER,,,,,,,,,,,,,,
,,,,,,,,,,Breast cancer,,,,,,,,,,,,,,
,,,,,,,,,PERTUZUMAB,CANCER,,,,,,,,,,,,,,
,,,,,,,,,,Breast cancer,,,,,,,,,,,,,,
,,,,,,,,,PIBRENTASVIR,HEPATITIS C,,,,,,,,,,,,,,
,,,,,,,,,PIRFENIDONE,IDIOPATHIC PULMONARY FIBROSIS,,,,,,,,,,,,,,
,,,,,,,,,PIXANTRONE,CANCER,,,,,,,,,,,,,,
,,,,,,,,,,NHL,,,,,,,,,,,,,,
,,,,,,,,,PLATELET LYSATE THERAPY,,,,,,,,,,,,,,,
,,,,,,,,,PLERIXAFOR,STEM CELL MOBILISATION,,,,,,,,,,,,,,
,,,,,,,,,PLERIXAFOR,STEM CELL MOBILISATION,,,,,,,,,,,,,,
,,,,,,,,,POLATUZUMAB VEDOTIN,CANCER,,,,,,,,,,,,,,
,,,,,,,,,,B-cell lymphoma,,,,,,,,,,,,,,
,,,,,,,,,POLATUZUMAB VEDOTIN,CANCER,,,,,,,,,,,,,,
,,,,,,,,,,B-cell lymphoma,,,,,,,,,,,,,,
,,,,,,,,,POMALIDOMIDE,CANCER,,,,,,,,,,,,,,
,,,,,,,,,,MM,,,,,,,,,,,,,,
,,,,,,,,,POMALIDOMIDE,CANCER,,,,,,,,,,,,,,
,,,,,,,,,,MM,,,,,,,,,,,,,,
,,,,,,,,,POMALIDOMIDE,CANCER,,,,,,,,,,,,,,
,,,,,,,,,,MM,,,,,,,,,,,,,,
,,,,,,,,,POMALIDOMIDE,MYELOFIBROSIS,,,,,,,,,,,,,,
,,,,,,,,,PONATINIB,CANCER,,,,,,,,,,,,,,
,,,,,,,,,,ALL,,,,,,,,,,,,,,
,,,,,,,,,PONESIMOD,MULTIPLE SCLEROSIS,,,,,,,,,,,,,,
,,,,,,,,,POSACONAZOLE,FUNGAL INFECTION,,,,,,,,,,,,,,
,,,,,,,,,PRALSETINIB,CANCER,,,,,,,,,,,,,,
,,,,,,,,,,Lung cancer,,,,,,,,,,,,,,
,,,,,,,,,PRETOMANID,TB,,,,,,,,,,,,,,
,,,,,,,,,PROTEIN C HUMAN (acute use),FOR SPECIALISED INDICATIONS,,,,,,,,,,,,,,
,,,,,,,,,PROTEIN C HUMAN (long-term use),FOR SPECIALISED INDICATIONS,,,,,,,,,,,,,,
,,,,,,,,,PROTEIN KINASE INHIBITORS,ENDOCRINOLOGY; NON-MALIGNANT CONDITIONS,,,,,,,,,,,,,,
,,,,,,,,,PROTHROMBIN COMPLEX CONCENTRATE (PCC),AS PER BCSH GUIDELINES FOR SPECIALISED INDICATIONS,,,,,,,,,,,,,,
,,,,,,,,,QUIZARTINIB,CANCER,,,,,,,,,,,,,,
,,,,,,,,,,AML,,,,,,,,,,,,,,
,,,,,,,,,RADIUM-223 DICHLORIDE,CANCER,,,,,,,,,,,,,,
,,,,,,,,,,Prostate cancer,,,,,,,,,,,,,,
,,,,,,,,,RALTEGRAVIR,HIV IN COMBINATION WITH OTHER ANTI-RETROVIRAL DRUGS,,,,,,,,,,,,,,
,,,,,,,,,RAMUCIRUMAB,CANCER,,,,,,,,,,,,,,
,,,,,,,,,,Gastric or gastro-oesophageal adenocarcinoma,,,,,,,,,,,,,,
,,,,,,,,,RAMUCIRUMAB,CANCER,,,,,,,,,,,,,,
,,,,,,,,,,Lung cancer,,,,,,,,,,,,,,
,,,,,,,,,RANIBIZUMAB,RETINOPATHY OF PREMATURITY,,,,,,,,,,,,,,
,,,,,,,,,RASBURICASE,HYPERURICAEMIA,,,,,,,,,,,,,,
,,,,,,,,,RAVULIZUMAB,AHUS,,,,,,,,,,,,,,
,,,,,,,,,RAVULIZUMAB,PAROXYSMAL NOCTURNAL HAEMOGLOBINURIA,,,,,,,,,,,,,,
,,,,,,,,,REGORAFENIB,CANCER,,,,,,,,,,,,,,
,,,,,,,,,,Colorectal cancer,,,,,,,,,,,,,,
,,,,,,,,,REGORAFENIB,CANCER,,,,,,,,,,,,,,
,,,,,,,,,,Gastrointestinal stromal tumour,,,,,,,,,,,,,,
,,,,,,,,,REGORAFENIB,CANCER,,,,,,,,,,,,,,
,,,,,,,,,,Hepatocellular carcinoma,,,,,,,,,,,,,,
,,,,,,,,,RELATLIMAB,CANCER,,,,,,,,,,,,,,
,,,,,,,,,,Melanoma,,,,,,,,,,,,,,
,,,,,,,,,REPARIXIN,PREVENTION OF DELAYED GRAFT FUNCTION,,,,,,,,,,,,,,
,,,,,,,,,RESLIZUMAB,ASTHMA,,,,,,,,,,,,,,
,,,,,,,,,REZAFUNGIN,CANDIDIASIS,,,,,,,,,,,,,,
,,,,,,,,,RIBOCICLIB,CANCER,,,,,,,,,,,,,,
,,,,,,,,,,Breast cancer,,,,,,,,,,,,,,
,,,,,,,,,RIBOCICLIB,CANCER,,,,,,,,,,,,,,
,,,,,,,,,,Breast cancer,,,,,,,,,,,,,,
,,,,,,,,,RILPIVIRINE,HIV IN COMBINATION WITH OTHER ANTI-RETROVIRAL DRUGS,,,,,,,,,,,,,,
,,,,,,,,,RILPIVIRINE,HIV IN COMBINATION WITH OTHER ANTI-RETROVIRAL DRUGS,,,,,,,,,,,,,,
,,,,,,,,,RILPIVIRINE,HIV IN COMBINATION WITH OTHER ANTI-RETROVIRAL DRUGS,,,,,,,,,,,,,,
,,,,,,,,,RIOCIGUAT,PULMONARY ARTERIAL HYPERTENSION,,,,,,,,,,,,,,
,,,,,,,,,RIOCIGUAT,PULMONARY ARTERIAL HYPERTENSION (CTEPH),,,,,,,,,,,,,,
,,,,,,,,,RIPRETINIB,CANCER,,,,,,,,,,,,,,
,,,,,,,,,,Gastrointestinal stromal tumour,,,,,,,,,,,,,,
,,,,,,,,,RISANKIZUMAB,CROHN'S DISEASE (ADOLESCENTS 16 - 17 YEARS),,,,,,,,,,,,,,
,,,,,,,,,RISDIPLAM,SPINAL MUSCULAR ATROPHY,,,,,,,,,,,,,,
,,,,,,,,,RITONAVIR,HIV IN COMBINATION WITH OTHER ANTI-RETROVIRAL DRUGS,,,,,,,,,,,,,,
,,,,,,,,,RITUXIMAB,ABO-INCOMPATIBLE KIDNEY TRANSPLANTS,,,,,,,,,,,,,,
,,,,,,,,,RITUXIMAB,ACQUIRED HAEMOPHILIA,,,,,,,,,,,,,,
,,,,,,,,,RITUXIMAB,ANCA-ASSOCIATED VASCULITIS,,,,,,,,,,,,,,
,,,,,,,,,RITUXIMAB,ANCA-ASSOCIATED VASCULITIS,,,,,,,,,,,,,,
,,,,,,,,,RITUXIMAB,BEHCETS SYNDROME,,,,,,,,,,,,,,
,,,,,,,,,RITUXIMAB,ANTI-NMDAR AUTOIMMUNE ENCEPHALITIS,,,,,,,,,,,,,,
,,,,,,,,,RITUXIMAB,CASTLEMAN'S DISEASE,,,,,,,,,,,,,,
,,,,,,,,,RITUXIMAB,CHRONIC GRAFT VERSUS HOST DISEASE,,,,,,,,,,,,,,
,,,,,,,,,RITUXIMAB,CHRONIC INFLAMMATORY DEMYELINATING POLYNEUROPATHY,,,,,,,,,,,,,,
,,,,,,,,,RITUXIMAB,CONNECTIVE TISSUE DISEASE - INTERSTITIAL LUNG DISEASE,,,,,,,,,,,,,,
,,,,,,,,,RITUXIMAB,CYTOPENIA COMPLICATING PRIMARY IMMUNODEFICIENCY,,,,,,,,,,,,,,
,,,,,,,,,RITUXIMAB,DELAYED HAEMOLYTIC TRANSFUSION REACTIONS AND HYPERHAEMOLYSIS IN PATIENTS WITH HAEMOGLOBINOPATHIES,,,,,,,,,,,,,,
,,,,,,,,,RITUXIMAB,DERMATOMYOSITIS AND POLYMYOSITIS (ADULTS),,,,,,,,,,,,,,
,,,,,,,,,RITUXIMAB,FOCAL SEGMENTAL GLOMERULOSCLEROSIS,,,,,,,,,,,,,,
,,,,,,,,,RITUXIMAB,IDIOPATHIC MEMBRANOUS NEPHROPATHY,,,,,,,,,,,,,,
,,,,,,,,,RITUXIMAB,IGM PARAPROTEINAEMIC DEMYELINATING PERIPHERAL NEUROPATHY,,,,,,,,,,,,,,
,,,,,,,,,RITUXIMAB,IMMUNOBULLOUS DISEASE,,,,,,,,,,,,,,
,,,,,,,,,RITUXIMAB,IMMUNOGLOBIN G4 RELATED DISEASE,,,,,,,,,,,,,,
,,,,,,,,,RITUXIMAB,JUVENILE IDIOPATHIC ARTHRITIS - PAEDIATRICS,,,,,,,,,,,,,,
,,,,,,,,,RITUXIMAB,MULTIFOCAL MOTOR NEUROPATHY,,,,,,,,,,,,,,
,,,,,,,,,RITUXIMAB,MYASTHENIA GRAVIS,,,,,,,,,,,,,,
,,,,,,,,,RITUXIMAB,NEUROMYELITIS OPTICA,,,,,,,,,,,,,,
,,,,,,,,,RITUXIMAB,NODAL/PARANODAL ANTIBODY POSITIVE INFLAMMATORY AUTOIMMUNE NEUROPATHY,,,,,,,,,,,,,,
,,,,,,,,,RITUXIMAB,PEMPHIGUS VULGARIS AND PEMPHIGOID DISEASE,,,,,,,,,,,,,,
,,,,,,,,,RITUXIMAB,PRIMARY SJOGREN'S SYNDROME (PSS),,,,,,,,,,,,,,
,,,,,,,,,RITUXIMAB,STEROID RESISTANT NEPHROTIC SYNDROME - PAEDIATRICS,,,,,,,,,,,,,,
,,,,,,,,,RITUXIMAB,STEROID SENSITIVE NEPHROTIC SYNDROME,,,,,,,,,,,,,,
,,,,,,,,,RITUXIMAB,SYSTEMIC LUPUS ERYTHEMATOSUS (SLE),,,,,,,,,,,,,,
,,,,,,,,,RITUXIMAB,THROMBOTIC THROMBOCYTOPENIC PURPURA ,,,,,,,,,,,,,,
,,,,,,,,,RITUXIMAB,VASCULITIS OF THE PERIPHERAL NERVOUS SYSTEM,,,,,,,,,,,,,,
,,,,,,,,,,,,,,,,,,,,,,,,
,,,,,,,,,RITUXIMAB IV,CANCER,ALL,B-cell lymphoma,CLL,Follicular lymphoma,NHL,,,,,,,,,
,,,,,,,,,,,,,,,,,,,,,,,,
,,,,,,,,,,,,,,,,,,,,,,,,
,,,,,,,,,,,,,,,,,,,,,,,,
,,,,,,,,,,,,,,,,,,,,,,,,
,,,,,,,,,,,,,,,,,,,,,,,,
,,,,,,,,,,,,,,,,,,,,,,,,
,,,,,,,,,,,,,,,,,,,,,,,,
,,,,,,,,,,,,,,,,,,,,,,,,
,,,,,,,,,,,,,,,,,,,,,,,,
,,,,,,,,,,,,,,,,,,,,,,,,
,,,,,,,,,,,,,,,,,,,,,,,,
,,,,,,,,,,,,,,,,,,,,,,,,
,,,,,,,,,,,,,,,,,,,,,,,,
,,,,,,,,,,,,,,,,,,,,,,,,
,,,,,,,,,,,,,,,,,,,,,,,,
,,,,,,,,,,,,,,,,,,,,,,,,
,,,,,,,,,,,,,,,,,,,,,,,,
,,,,,,,,,RITUXIMAB SUBCUTANEOUS FORMULATION,CANCER,Follicular lymphoma,,,,,,,,,,,,,
,,,,,,,,,,,,,,,,,,,,,,,,
,,,,,,,,,RIVIPANSEL SODIUM,HEPATIC VENO-OCCLUSIVE DISEASE,SICKLE CELL DISEASE,,,,,,,,,,,,,
,,,,,,,,,RIVIPANSEL SODIUM,,,,,,,,,,,,,,,
,,,,,,,,,ROPEGINTERFERON ALFA-2b ,HEPATITIS C,,,,,,,,,,,,,,
,,,,,,,,,RP-L102,FANCONI ANAEMA,LEUKOCYTE ADHESION DEFICIENCY-1 (LAD-1),,,,,,,,,,,,,
,,,,,,,,,,,,,,,,,,,,,,,,
,,,,,,,,,RUCAPARIB,CANCER,"Ovarian, fallopian tube and peritoneal cancer",,,,,,,,,,,,,
,,,,,,,,,,,,,,,,,,,,,,,,
,,,,,,,,,,,,,,,,,,,,,,,,
,,,,,,,,,,,,,,,,,,,,,,,,
,,,,,,,,,,,,,,,,,,,,,,,,
,,,,,,,,,,,,,,,,,,,,,,,,
,,,,,,,,,,,,,,,,,,,,,,,,
,,,,,,,,,,,,,,,,,,,,,,,,
,,,,,,,,,RURIOCTOCOG ALFA PEGOL,HAEMOPHILIA A,,,,,,,,,,,,,,
,,,,,,,,,,,,,,,,,,,,,,,,
,,,,,,,,,RUXOLITINIB,CANCER,Polycythaemia vera,Myelofibrosis,,,,,,,,,,,,
,,,,,,,,,,,,,,,,,,,,,,,,
,,,,,,,,,,,,,,,,,,,,,,,,
,,,,,,,,,,,,,,,,,,,,,,,,
,,,,,,,,,SACITUZUMAB GOVITECAN,CANCER,Breast cancer,,,,,,,,,,,,,
,,,,,,,,,,,,,,,,,,,,,,,,
,,,,,,,,,SAPROPTERIN,ADULTS AND CHILDREN WITH PHENYLKETONURIA,ADULTS AND CHILDREN WITH TETRAHYDROBIOPTERIN DISORDERS,,,,,,,,,,,,,
,,,,,,,,,,,,,,,,,,,,,,,,
,,,,,,,,,,,,,,,,,,,,,,,,
,,,,,,,,,SAPROPTERIN,,,,,,,,,,,,,,,
,,,,,,,,,SAQUINAVIR,HIV IN COMBINATION WITH OTHER ANTI-RETROVIRAL DRUGS,,,,,,,,,,,,,,
,,,,,,,,,SATRALIZUMAB,NEUROMYELITIS OPTICA,,,,,,,,,,,,,,
,,,,,,,,,SEBELIPASE ALFA,WOLMAN DISEASE,,,,,,,,,,,,,,
,,,,,,,,,SECUKINUMAB,PLAQUE PSORIASIS - PAEDIATRICS,,,,,,,,,,,,,,
,,,,,,,,,SECUKINUMAB,SEVERE HIDRADENITIS SUPPURATIVA,,,,,,,,,,,,,,
,,,,,,,,,SELEXIPAG,PULMONARY ARTERIAL HYPERTENSION,,,,,,,,,,,,,,
,,,,,,,,,SELINEXOR,CANCER,MM,,,,,,,,,,,,,
,,,,,,,,,,,,,,,,,,,,,,,,
,,,,,,,,,,,,,,,,,,,,,,,,
,,,,,,,,,,,,,,,,,,,,,,,,
,,,,,,,,,SELPERCATINIB,CANCER,Lung cancer,Thyroid cancer,,,,,,,,,,,,
,,,,,,,,,,,,,,,,,,,,,,,,
,,,,,,,,,,,,,,,,,,,,,,,,
,,,,,,,,,,,,,,,,,,,,,,,,
,,,,,,,,,,,,,,,,,,,,,,,,
,,,,,,,,,,,,,,,,,,,,,,,,
,,,,,,,,,,,,,,,,,,,,,,,,
,,,,,,,,,,,,,,,,,,,,,,,,
,,,,,,,,,,,,,,,,,,,,,,,,
,,,,,,,,,,,,,,,,,,,,,,,,
,,,,,,,,,SELUMETINIB,"TYPE 1 (NF-1) IN CHILDREN WHO HAVE SYMPTOMATIC, INOPERABLE PLEXIFORM NEUROFIBROMAS (PN)",,,,,,,,,,,,,,
,,,,,,,,,SETMELANOTIDE,LEPTIN DEFICIENCY,,,,,,,,,,,,,,
,,,,,,,,,SETMELANOTIDE,BARDET-BIEDL SYNDROME,,,,,,,,,,,,,,
,,,,,,,,,SETRUSUMAB,OSTEOGENESIS IMPERFECTA,,,,,,,,,,,,,,
,,,,,,,,,SILDENAFIL,PULMONARY ARTERIAL HYPERTENSION,,,,,,,,,,,,,,
,,,,,,,,,SILDENAFIL,PULMONARY ARTERIAL HYPERTENSION ,,,,,,,,,,,,,,
,,,,,,,,,SILTUXIMAB,CASTLEMAN'S DISEASE,,,,,,,,,,,,,,
,,,,,,,,,SIMOCTOCOG ALFA,HAEMOPHILIA A,,,,,,,,,,,,,,
,,,,,,,,,,,,,,,,,,,,,,,,
,,,,,,,,,SIPONIMOD,MULTIPLE SCLEROSIS,,,,,,,,,,,,,,
,,,,,,,,,SIROLIMUS,LYMPHANGIOLEIOMYOMATOSIS,,,,,,,,,,,,,,
,,,,,,,,,SIROLIMUS,KIDNEY TRANSPLANT - ADULTS,,,,,,,,,,,,,,
,,,,,,,,,SIROLIMUS,KIDNEY TRANSPLANT - CHILDREN & YOUNG PEOPLE,,,,,,,,,,,,,,
,,,,,,,,,SIROLIMUS,TRANSPLANT IMMUNOSUPPRESSION ONLY - ADULTS,,,,,,,,,,,,,,
,,,,,,,,,SIROLIMUS,TRANSPLANT IMMUNOSUPPRESSION ONLY - CHILDREN & YOUNG PEOPLE,,,,,,,,,,,,,,
,,,,,,,,,SITOIGANAP,CANCER,Glioma,,,,,,,,,,,,,
,,,,,,,,,,,,,,,,,,,,,,,,
,,,,,,,,,SODIUM BENZOATE,UREA CYCLE DISORDERS,,,,,,,,,,,,,,
,,,,,,,,,SODIUM HYDROXYBUTYRATE,UREA CYCLE DISORDERS,,,,,,,,,,,,,,
,,,,,,,,,SODIUM OXYBATE,NARCOLEPSY - PAEDIATRICS,,,,,,,,,,,,,,
,,,,,,,,,SODIUM PHENYLBUTYRATE,UREA CYCLE DISORDERS,,,,,,,,,,,,,,
,,,,,,,,,SODIUM THIOSULFATE,PREVENTION OF HEARING LOSS SECONDARY TO CISPLATIN CHEMOTHERAPY IN CHILDREN,,,,,,,,,,,,,,
,,,,,,,,,SOFOSBUVIR + LEDIPASVIR +/- RIBAVIRIN,HEPATITIS C,,,,,,,,,,,,,,
,,,,,,,,,SOFOSBUVIR + PEGINTERFERON + RIBAVIRIN,HEPATITIS C,,,,,,,,,,,,,,
,,,,,,,,,SOFOSBUVIR + VELPATASVIR,HEPATITIS C,,,,,,,,,,,,,,
,,,,,,,,,SOFOSBUVIR + VELPATASVIR + VOXILAPREVIR,HEPATITIS C,,,,,,,,,,,,,,
,,,,,,,,,SORAFENIB,CANCER,AML,Hepatocellular carcinoma,Thyroid cancer,,,,,,,,,,,
,,,,,,,,,,,,,,,,,,,,,,,,
,,,,,,,,,,,,,,,,,,,,,,,,
,,,,,,,,,,,,,,,,,,,,,,,,
,,,,,,,,,,,,,,,,,,,,,,,,
,,,,,,,,,,,,,,,,,,,,,,,,
,,,,,,,,,SOTATERCEPT,PULMONARY ARTERIAL HYPERTENSION,,,,,,,,,,,,,,
,,,,,,,,,SOTORASIB,CANCER,Lung cancer,,,,,,,,,,,,,
,,,,,,,,,,,,,,,,,,,,,,,,
,,,,,,,,,STAVUDINE,HIV IN COMBINATION WITH OTHER ANTI-RETROVIRAL DRUGS,,,,,,,,,,,,,,
,,,,,,,,,STRIMVELIS,ADENOSINE DEAMINASE DEFICIENCY-SEVERE COMBINED IMMUNODEFICIENCY ,,,,,,,,,,,,,,
,,,,,,,,,AUTOLOGOUS CD34+ ENRICHED CELL FRACTION THAT CONTAINS CD34+ CELLS TRANSDUCED WITH RETROVIRAL VECTOR THAT ENCODES FOR THE HUMAN ADA cDNA SEQUENCE,,,,,,,,,,,,,,,
,,,,,,,,,SUCROFERRIC OXYHYDROXIDE,ADULT RENAL DIALYSIS ONLY,,,,,,,,,,,,,,
,,,,,,,,,SUNITINIB,CANCER,Gastrointestinal stromal tumour,Neuroendocrine tumour,Renal cell carcinoma,,,,,,,,,,,
,,,,,,,,,,,,,,,,,,,,,,,,
,,,,,,,,,,,,,,,,,,,,,,,,
,,,,,,,,,,,,,,,,,,,,,,,,
,,,,,,,,,,,,,,,,,,,,,,,,
,,,,,,,,,,,,,,,,,,,,,,,,
,,,,,,,,,SUSOCTOCOG ALFA,ACQUIRED HAEMOPHILIA A,,,,,,,,,,,,,,
,,,,,,,,,,,,,,,,,,,,,,,,
,,,,,,,,,SUTIMLIMAB,PRIMARY COLD AGGLUTININ DISEASE,,,,,,,,,,,,,,
,,,,,,,,,TABELECLEUCEL,CANCER,Posttransplant lymphoproliferative disorder,,,,,,,,,,,,,
,,,,,,,,,,,,,,,,,,,,,,,,
,,,,,,,,,TACROLIMUS,KIDNEY TRANSPLANT - ADULTS,,,,,,,,,,,,,,
,,,,,,,,,TACROLIMUS,KIDNEY TRANSPLANT - CHILDREN & YOUNG PEOPLE,,,,,,,,,,,,,,
,,,,,,,,,TACROLIMUS,TRANSPLANT IMMUNOSUPPRESSION ONLY,,,,,,,,,,,,,,
,,,,,,,,,TADALAFIL,PULMONARY ARTERIAL HYPERTENSION,,,,,,,,,,,,,,
,,,,,,,,,TADALAFIL,PULMONARY ARTERIAL HYPERTENSION,,,,,,,,,,,,,,
,,,,,,,,,TAFAMIDIS,AMYLOIDOSIS,,,,,,,,,,,,,,
,,,,,,,,,TAFASITAMAB,CANCER,B-cell lymphoma,,,,,,,,,,,,,
,,,,,,,,,TAGRAXOFUSP,CANCER,Dendritic cell neoplasm,,,,,,,,,,,,,
,,,,,,,,,TALAZOPARIB,CANCER,Breast cancer,Prostate cancer,,,,,,,,,,,,
,,,,,,,,,,,,,,,,,,,,,,,,
,,,,,,,,,,,,,,,,,,,,,,,,
,,,,,,,,,,,,,,,,,,,,,,,,
,,,,,,,,,,,,,,,,,,,,,,,,
,,,,,,,,,,,,,,,,,,,,,,,,
,,,,,,,,,TALIMOGENE LAHERPAREPVEC,CANCER,Melanoma,,,,,,,,,,,,,
,,,,,,,,,,,,,,,,,,,,,,,,
,,,,,,,,,TASONERMIN,CANCER,,,,,,,,,,,,,,
,,,,,,,,,TEBENTAFUSP,CANCER,,,,,,,,,,,,,,
,,,,,,,,,TECLISTAMAB,CANCER,MM,,,,,,,,,,,,,
,,,,,,,,,,,,,,,,,,,,,,,,
,,,,,,,,,TEDUGLUTIDE,SHORT BOWEL SYNDROME,,,,,,,,,,,,,,
,,,,,,,,,TELBIVUDINE,HEPATITIS B,,,,,,,,,,,,,,
,,,,,,,,,TELOTRISTAT,CARCINOID SYNDROME DIARRHOEA,,,,,,,,,,,,,,
,,,,,,,,,TEMOZOLOMIDE,CANCER,Astrocytoma,Glioma,,,,,,,,,,,,
,,,,,,,,,,,,,,,,,,,,,,,,
,,,,,,,,,,,,,,,,,,,,,,,,
,,,,,,,,,,,,,,,,,,,,,,,,
,,,,,,,,,TEMOZOLOMIDE,CANCER,Glioma,ENDOCRINOLOGY; NON-MALIGNANT CONDITIONS,,,,,,,,,,,,
,,,,,,,,,,,,,,,,,,,,,,,,
,,,,,,,,,TEMOZOLOMIDE,,,,,,,,,,,,,,,
,,,,,,,,,TEMSIROLIMUS,CANCER,,,,,,,,,,,,,,
,,,,,,,,,,Renal cell carcinoma,,,,,,,,,,,,,,
,,,,,,,,,TENOFOVIR,HEPATITIS B +/- OTHER ANTI-RETROVIRAL DRUGS,HIV IN COMBINATION WITH OTHER ANTI-RETROVIRAL DRUGS,,,,,,,,,,,,,
,,,,,,,,,,,,,,,,,,,,,,,,
,,,,,,,,,,,,,,,,,,,,,,,,
,,,,,,,,,TENOFOVIR ALAFENAMIDE,HEPATITIS B,HIV IN COMBINATION WITH OTHER ANTI-RETROVIRAL DRUGS,,,,,,,,,,,,,
,,,,,,,,,,,,,,,,,,,,,,,,
,,,,,,,,,,,,,,,,,,,,,,,,
,,,,,,,,,,,,,,,,,,,,,,,,
,,,,,,,,,,,,,,,,,,,,,,,,
,,,,,,,,,,,,,,,,,,,,,,,,
,,,,,,,,,TENOFOVIR DISOPROXIL,HIV IN COMBINATION WITH OTHER ANTI-RETROVIRAL DRUGS,,,,,,,,,,,,,,
,,,,,,,,,,,,,,,,,,,,,,,,
,,,,,,,,,,,,,,,,,,,,,,,,
,,,,,,,,,TEPOTINIB,CANCER,Lung cancer,,,,,,,,,,,,,
,,,,,,,,,,,,,,,,,,,,,,,,
,,,,,,,,,TEPRASIRAN,PREVENTION OF DELAYED GRAFT FUNCTION,,,,,,,,,,,,,,
,,,,,,,,,TEPROTUMUMAB ,GRAVES ORBITOPATHY,,,,,,,,,,,,,,
,,,,,,,,,TERIFLUNOMIDE,MULTIPLE SCLEROSIS,,,,,,,,,,,,,,
,,,,,,,,,,,,,,,,,,,,,,,,
,,,,,,,,,TEZACAFTOR + IVACAFTOR,CYSTIC FIBROSIS,,,,,,,,,,,,,,
,,,,,,,,,,,,,,,,,,,,,,,,
,,,,,,,,,TEZEPELUMAB,ASTHMA,,,,,,,,,,,,,,
,,,,,,,,,THALIDOMIDE,CANCER,MM,,,,,,,,,,,,,
,,,,,,,,,,,,,,,,,,,,,,,,
,,,,,,,,,"THROMBOMODULIN, RECOMBINANT HUMAN",PSEUDOANEURYSM,,,,,,,,,,,,,,
,,,,,,,,,TIDEGLUSIB,CONGENITAL MYOTONIC DYSTROPHY,,,,,,,,,,,,,,
,,,,,,,,,TIPRANAVIR,HIV IN COMBINATION WITH OTHER ANTI-RETROVIRAL DRUGS,,,,,,,,,,,,,,
,,,,,,,,,TISAGENLECLEUCEL ,CANCER,ALL,B-cell lymphoma,,,,,,,,,,,,
,,,,,,,,,,,,,,,,,,,,,,,,
,,,,,,,,,,,,,,,,,,,,,,,,
,,,,,,,,,,,,,,,,,,,,,,,,
,,,,,,,,,TIVOZANIB,CANCER,Renal cell carcinoma,,,,,,,,,,,,,
,,,,,,,,,TOBRAMYCIN,CYSTIC FIBROSIS,,,,,,,,,,,,,,
,,,,,,,,,,,,,,,,,,,,,,,,
,,,,,,,,,,,,,,,,,,,,,,,,
,,,,,,,,,TOCILIZUMAB ,ADULT ONSET STILLS DISEASE,CASTLEMAN'S DISEASE,CYTOKINE RELEASE SYNDROME FOLLOWING CAR-T OR BISPECIFIC ANTIBODY TREATMENT,GIANT CELL ARTERITIS,JUVENILE IDIOPATHIC ARTHRITIS - PAEDIATRICS,TAKAYASU ARTERITIS,,,,,,,,,
,,,,,,,,,,,,,,,,,,,,,,,,
,,,,,,,,,,,,,,,,,,,,,,,,
,,,,,,,,,,,,,,,,,,,,,,,,
,,,,,,,,,,,,,,,,,,,,,,,,
,,,,,,,,,,,,,,,,,,,,,,,,
,,,,,,,,,,,,,,,,,,,,,,,,
,,,,,,,,,TOFACITINIB,JUVENILE IDIOPATHIC ARTHRITIS - PAEDIATRICS,,,,,,,,,,,,,,
,,,,,,,,,TOFERSEN SODIUM ,AMYOTROPHIC LATERAL SCLEROSIS (MOTOR NEURONE DISEASE),,,,,,,,,,,,,,
,,,,,,,,,TOLVAPTAN,HYPONATRAEMIA IN  CANCER,,,,,,,,,,,,,,
,,,,,,,,,TRABECTEDIN,CANCER,Sarcoma,,,,,,,,,,,,,
,,,,,,,,,TRALOKINUMAB   ,ASTHMA,,,,,,,,,,,,,,
,,,,,,,,,TRAMETINIB,CANCER,Glioma,Lung cancer,Melanoma,,,,,,,,,,,
,,,,,,,,,TRASTUZUMAB  ,CANCER,Breast cancer,Gastric cancer,,Ovarian cancer,Thyroid cancer,,,,,,,,,
,,,,,,,,,,,,,,,,,,,,,,,,
,,,,,,,,,,,,,,,,,,,,,,,,
,,,,,,,,,,,,,,,,,,,,,,,,
,,,,,,,,,,,,,,,,,,,,,,,,
,,,,,,,,,,,,,,,,,,,,,,,,
,,,,,,,,,,,,,,,,,,,,,,,,
,,,,,,,,,,,,,,,,,,,,,,,,
,,,,,,,,,,,,,,,,,,,,,,,,
,,,,,,,,,,,,,,,,,,,,,,,,
,,,,,,,,,,,,,,,,,,,,,,,,
,,,,,,,,,,,,,,,,,,,,,,,,
,,,,,,,,,,,,,,,,,,,,,,,,
,,,,,,,,,,,,,,,,,,,,,,,,
,,,,,,,,,,,,,,,,,,,,,,,,
,,,,,,,,,,,,,,,,,,,,,,,,
,,,,,,,,,,,,,,,,,,,,,,,,
,,,,,,,,,,,,,,,,,,,,,,,,
,,,,,,,,,,,,,,,,,,,,,,,,
,,,,,,,,,,,,,,,,,,,,,,,,
,,,,,,,,,TRASTUZUMAB DERUXTECAN,CANCER,Breast cancer,Gastric or gastro-esophageal junction cancer,,,,,,,,,,,,
,,,,,,,,,,,,,,,,,,,,,,,,
,,,,,,,,,,,,,,,,,,,,,,,,
,,,,,,,,,,,,,,,,,,,,,,,,
,,,,,,,,,,,,,,,,,,,,,,,,
,,,,,,,,,,,,,,,,,,,,,,,,
,,,,,,,,,TRASTUZUMAB EMTANSINE,CANCER,Breast cancer,,,,,,,,,,,,,
,,,,,,,,,,,,,,,,,,,,,,,,
,,,,,,,,,,,,,,,,,,,,,,,,
,,,,,,,,,,,,,,,,,,,,,,,,
,,,,,,,,,TREOSULFAN,CANCER,,,,,,,,,,,,,,
,,,,,,,,,TREPROSTINIL SODIUM,PULMONARY ARTERIAL HYPERTENSION,,,,,,,,,,,,,,
,,,,,,,,,TRIENTINE,WILSONS DISEASE,,,,,,,,,,,,,,
,,,,,,,,,TRIFLURIDINE-TIPIRACIL,CANCER,Colorectal cancer,Gastric or gastro-oesophageal adenocarcinoma,,,,,,,,,,,,
,,,,,,,,,,,,,,,,,,,,,,,,
,,,,,,,,,,,,,,,,,,,,,,,,
,,,,,,,,,,,,,,,,,,,,,,,,
,,,,,,,,,,,,,,,,,,,,,,,,
,,,,,,,,,,,,,,,,,,,,,,,,
,,,,,,,,,,,,,,,,,,,,,,,,
,,,,,,,,,,,,,,,,,,,,,,,,
,,,,,,,,,TRIHEPTANOIN,PYRUVATE CARBOXYLASE DEFICIENCY,,,,,,,,,,,,,,
,,,,,,,,,TUCATINIB,CANCER,Breast cancer,,,,,,,,,,,,,
,,,,,,,,,,,,,,,,,,,,,,,,
,,,,,,,,,TUROCTOCOG ALFA,HAEMOPHILIA A,,,,,,,,,,,,,,
,,,,,,,,,,,,,,,,,,,,,,,,
,,,,,,,,,TUROCTOCOG ALFA PEGOL,HAEMOPHILIA A,,,,,,,,,,,,,,
,,,,,,,,,,,,,,,,,,,,,,,,
,,,,,,,,,UBLITUXIMAB,MULTIPLE SCLEROSIS,,,,,,,,,,,,,,
,,,,,,,,,UPADACITINIB,MODERATE TO SEVERE ATOPIC DERMATITIS - PAEDIATRICS,,,,,,,,,,,,,,
,,,,,,,,,URIDINE TRIACETATE,TREATMENT OF TOXICITY WITH 5-FU AND CAPECITABINE,,,,,,,,,,,,,,
,,,,,,,,,USTEKINUMAB,CROHN'S DISEASE - REFRACTORY IN PRE-PUBESCENT CHILDREN - PAEDIATRICS,,,,,,,,,,,,,,
,,,,,,,,,USTEKINUMAB,PLAQUE PSORIASIS - PAEDIATRICS,,,,,,,,,,,,,,
,,,,,,,,,VADADUSTAT  ,DIALYSIS-INDUCED ANAEMIA,,,,,,,,,,,,,,
,,,,,,,,,VALOCTOCOGENE ROXAPARVOVEC,HAEMOPHILIA A,,,,,,,,,,,,,,
,,,,,,,,,VAMOROLONE,DUCHENNE MUSCULAR DYSTROPHY,,,,,,,,,,,,,,
,,,,,,,,,VANDETANIB,CANCER,Thyroid cancer,,,,,,,,,,,,,
,,,,,,,,,VATIQUINONE,FRIEDREICHS ATAXIA,,,,,,,,,,,,,,
,,,,,,,,,VEDOLIZUMAB,ULCERATIVE COLITIS - REFRACTORY IN PRE-PUBESCENT CHILDREN - PAEDIATRICS,,,,,,,,,,,,,,
,,,,,,,,,VELAGLUCERASE ALFA,GAUCHER'S DISEASE,,,,,,,,,,,,,,
,,,,,,,,,VELMANASE ALFA,ALPHA MANNOSIDASE DEFICIENCY,,,,,,,,,,,,,,
,,,,,,,,,VEMURAFENIB,CANCER,Melanoma,,,,,,,,,,,,,
,,,,,,,,,VENETOCLAX,CANCER,AML,CLL,,,,,,,,,,,,
,,,,,,,,,VESTRONIDASE ALFA,MUCOPOLYSACCHARIDOSIS VII,,,,,,,,,,,,,,
,,,,,,,,,VISMODEGIB,CANCER,Basal cell carcinoma,,,,,,,,,,,,,
,,,,,,,,,VOCLOSPORIN,LUPUS NEPHRITIS,,,,,,,,,,,,,,
,,,,,,,,,VOLANESORSEN,FAMILIAL CHYLOMICRONEMIA SYNDROME,,,,,,,,,,,,,,
,,,,,,,,,VON WILLEBRAND FACTOR,VON WILLEBRAND DEFICIENCY,,,,,,,,,,,,,,
,,,,,,,,,VONICOG ALFA,VON WILLEBRAND DEFICIENCY,,,,,,,,,,,,,,
,,,,,,,,,VORETIGENE NEPARVOVEC,INHERITED RETINAL DISORDER,,,,,,,,,,,,,,
,,,,,,,,,VORICONAZOLE,CHRONIC PULMONARY ASPERGILLOSIS,,,,,,,,,,,,,,
,,,,,,,,,VOSORITIDE,ACHONDROPLASIA (DWARFISM) IN CHILDREN,FUNGAL INFECTION,,,,,,,,,,,,,
,,,,,,,,,VUTRISIRAN,AMYLOIDOSIS,,,,,,,,,,,,,,
,,,,,,,,,ZANUBRUTINIB,CANCER,,,,,,,,,,,,,,
,,,,,,,,,ZIDOVUDINE,HIV IN COMBINATION WITH OTHER ANTI-RETROVIRAL DRUGS,,,,,,,,,,,,,,
,,,,,,,,,ZILUCOPLAN,MYASTHENIA GRAVIS,Waldenstrom's macroglobulinaemia,CLL,Lymphoma,,,,,,,,,,,
